TS,D49729,Solarwinds,Corp,01/02/2018,software,"$222.00 ","Annual maintenance renewal for Dameware mini remote",
AC,D49730,"apple store",Corp,01/03/2018,Software,"$99.90 ","10 Bluebeam license for iPad",
AC,D49731,amazon.com,17-0503,01/04/2018,Miscellaneous,"$45.99 ","replacement laptop battery - Joe Rosa",
TS,D49732,Amazon.com,17-0422,01/04/2018,Miscellaneous,"$129.95 ","300' Sheilded outdoor cat6 cable RETURNED Credit processed 1/15/17",
SH,D49733,Amazon.com,"Corporate inventory",01/04/2018,Miscellaneous,"$167.87 ","Cables, Keyboards, mouse pad",
TS,D49734,Amazon.com,Corp,01/05/2018,Server,"$8.99 ","mounting adjustment bracket",
AC,D49735,amazon.com,Reno,01/08/2018,Miscellaneous,"$76.94 ","Otterbox deffender and utility latch for Arnolf Garcia",
TS,D49736,Amazon.com,18-0743,01/08/2018,Miscellaneous,"$25.99 ","Bluetooth keyboard/mouse",
TS,D49737,SHI," 18-0743, sumner",01/08/2018,"Computer (Laptop, Desktop or Tablet)","$2,103.11 ","Desktop with warranty for Panel station, 2 desktop for sumner",
TS,D49738,SHI,18-0740,01/08/2018,"Computer (Laptop, Desktop or Tablet)","$1,192.85 ","Laptop, warranty for new Sumner warehouse manager",
AC,D49739,amazon.com,17-0600,01/08/2018,Miscellaneous,"$378.72 ","2 monitors for Mark Parker",
TS,D49740,SHI,"PDX Safety",01/09/2018,"Computer (Laptop, Desktop or Tablet)","$2,076.92 ","Surface Pro with dock, case, type cover, case, warranty",
TS,D49741,SHI,"Corp IT",01/09/2018,"Computer (Laptop, Desktop or Tablet)","$2,048.98 ","T470s with dock and warranty",
TS,D49742,Amazon.com,17-0422,19/01/2018,Miscellaneous,"$91.91 ","300' shielded cat6 cable",
AC,D49743,amazon.com,17-0600,01/10/2018,Miscellaneous,"$391.97 ","Euquipments like TV, mount, cables for the job 17-0600",
AC,D49744,amazon.com,17-0690,01/10/2018,Miscellaneous,"$178.97 ","Printer and toner for Allen Pray",
AC,D49745,amazon.com,17-0596,01/10/2018,Miscellaneous,"$22.00 ","S7 deffender case for Jeff Hitchcock",
JM,D49746,Amazon.com,"Sumner office",01/11/2018,Network,"$809.80 ","Cisco Catalyst 3650 stacking hardware for Sumner relocation",
TS,D49747,SHI,17-0606,01/12/2018,"Computer (Laptop, Desktop or Tablet)","$1,427.16 ","t570 laptop with ram and 3 yr accidental damage warranty for Randy Bryant",
AC,D49748,amazon.com,Sumner,01/12/2018,Miscellaneous,"$38.24 ","Ipad keyboard case for Megan Boatman",
AC,D49749,amazon.com,Corp,01/12/2018,Miscellaneous,"$71.99 ","Logitech speakers for Angela Roach",
MM,D49750,Bridgetech,"Corp / PDX / Seattle",12/04/2017,"software subscription","$5,345.85 ","Office 365 subscription November and WAN optimization for Wilsonville / Sumner",
MM,D49751,Techsmith,Corp,13/12/2017,software,"$199.00 ","Camtasia software for James Martini",
MM,D49752,Bridgetech,"Corp / PDX / Seattle",15/12/2017,"software subscription","$5,345.85 ","Office 365 subscription November and WAN optimization for Wilsonville / Sumner",
AC,D49753,amazon.com,17-0426,1/15/2018,Miscellaneous,"$60.06 ","USB display link Plugable for Steve Wilkins",
TS,D49754,SHI,"16-9898, 17-0274, 17-0707",1/16/2018,"Computer (Laptop, Desktop or Tablet)","$1,133.82 ","New laptop with warranty for Dale Temple",
TS,D49755,Amazon.com,Corp,01/12/2018,server,"$26.97 ","3 3.5 to 2.5 adapters",
TS,D49756,"Zoho Corp (ManageEngine)","Fixed Asset - Corp software",01/11/2018,software,"$3,380.00 ","ServiceDesk subscription renewal. 11 tech, 1000 node",
DG,D49757(RETURNED),Bridgetech,"Reno, 17-0609, 17-0422, 17-0429, 16-9599, 16-9723, 17-0074",01/11/2018,"Firewall renewals","$2,645.63 ","Multiple firewall renewals",
TS,D49758,SHI,17-0689,1/16/2018,"Computer (Laptop, Desktop or Tablet)","$1,212.66 ","Laptop with ram, warranty for Justin Savory",
MM,D49759,"Thompson Reuters",Corp,12/26/2017,software,"$395.00 ","Fixed assets software renewal",
AC,D49760,amazon.com,Corp,1/17/2018,Miscellaneous,"$60.40 ","Plugable USB and HDMI to DVI cable for Ben English (got refund from amazon)",
SH,D49761,Amazon.com,17-0730,1/17/2018,Miscellaneous,"$29.68 ","Latch for iPad Nick Canaday",
SH,D49762,Amazon.com,Corp,1/18/2018,Miscellaneous,"$149.95 ","Backpacks for field inventory",
TS,D49763,SHI,17-0730,1/19/2018,"Computer (Laptop, Desktop or Tablet)","$1,133.82 ","Laptop with warranty for Nic Canaday",
SH,D49764,Amazon.com,"Eugene Office - Doug D. new hire",1/19/2018,Miscellaneous,"$524.70 ","Displays for new hire Nick Tollefson",
MM,D49765,Amazon.com,"Spokane Office",1/22/2018,Miscellaneous,"$124.74 ","Universal HDMI adapter ring",
SH,D49766,Amazon.com,"KCCFJC job - Josh Chudnofsky",1/22/2018,Miscellaneous,"$56.83 ","Replacement LCD for Lenovo W530",
AC,D49767,amazon.com,Corp,1/23/2018,Miscellaneous,"$196.55 ","Surface Book Dock for Dion Cowles, and S6 chargers for stock",
AC,D49768,SHI,"17-0609, 17-0157, 17-0730, Reno",1/23/2018,Miscellaneous,"$1,444.45 ","Bluebeam Revu license",
SH,D49769,Amazon.com,"18-0728 Sumner Remodel",1/23/2018,Miscellaneous,"$1,133.34 ","Battery backup, pdu, cables",
TS,D49770,SHi,BIM,1/23/2018,"Computer (Laptop, Desktop or Tablet)","$1,466.77 ","Lenovo Think stations P510 with warranty for Jeff Fuecht",
TS,D49771,Amazon.com,BIM,1/24/2018,"Computer (Laptop, Desktop or Tablet)","$306.98 ","1tb ssd with mounting bracket",
TS,D49772,Crucial.com,BIM,1/24/2018,"Computer (Laptop, Desktop or Tablet)","$436.98 ","32gb DDR4 ram for new cad desktop",
SH,D49773,Amazon.com,17-0503,1/24/2018,Miscellaneous,"$41.98 ","Phone battery and Microsoft Surface Stylus ",
TS,D49774,"Zoho Corp (ManageEngine)",Corp,1/24/2018,software,"$1,495.00 ","Annual renewal for AD Manager",
SH,D49775,Amazon.com,"Eugene door dept",1/24/2018,Miscellaneous,"$326.98 ","Large display for Brian Keys approved by Doug",
TS,D49776,SHi,17-0546,1/24/2018,"Computer (Laptop, Desktop or Tablet)","$1,212.66 ","t570 laptop with ram and warranty for Travis Campbell",
AC,D49777,amazon.com,Corp,1/17/2018,Miscellaneous,"$60.40 ","Plugable USB and HDMI to DVI cable for Ben English",
TS,D49778,Amazon.com,18-0738,1/26/2018,Miscellaneous,"$160.23 ","Bluetooth speakers for the warehouse vehicles",
SH,D49779,SHi,"Split cost between 17-0422 and 17-0627",1/26/2018,Software,"$296.86 ","MSFT Project Std for JJ Knight",
DG,D49780,Amazon,Sumner,1/29/2018,Server,"$969.98 ","File server for Sumner",
AC,D49781,amazon.com,Corp,1/30/2018,Miscellaneous,"$59.99 ","IBM Lenovo Think pad Screen",
AC,D49782,amazon.com,17-0027,1/30/2018,Miscellaneous,"$165.62 ","Otterbox and utility latch for OSHU floating iPads",
AC,D49783,amazon.com,Corp,2/1/2018,Miscellaneous,"$17.89 ","Alpha glass series screen protector for case",
AC,D49784,amazon.com,18-0751,02/05/2018,Miscellaneous,"$420.79 ","Docking station and monitor for Mike Petitte",
AC,D49785,amazon.com,17-0546,02/06/2018,Miscellaneous,"$833.83 ","4 monitors, 2 HDMI cable and 1 USB Plugable for Nathan Sumsion",
TS,D49786,SHI,17-0429,02/06/2018,"Computer (Laptop, Desktop or Tablet)","$2,076.92 ","Surface Pro with dock, case, type cover, case, warranty for Dustin Meissner",
TS,D49787,SHI,17-0546,02/06/2018,"Computer (Laptop, Desktop or Tablet)","$1,365.66 ","Laptop with warranty and dockingstation for Suleiman Ali",
AC,D49788,amazon.com,17-0600,02/07/2018,Miscellaneous,"$313.95 ","Printer for Jimmy Hagen ",
SH,D49789,Amazon.com,17-0546,02/07/2018,Miscellaneous,"$161.76 ","Docking Station for Travis Campbell - Sumner PE",
SH,D49790,Amazon.com,"Eugene Door Department",02/07/2018,Miscellaneous,"$329.97 ","Ram and SSD HDD for Nick Tollefson per Doug D.",
MM,D49791,"Cloudberry (digital river)",Corp,1/19/2018,software,"$16.00 ","Yearly maintenance for Cloudberry backup software",
MM,D49792,Techsmith,"Corp - Rich Elliott",1/31/2018,software,"$99.50 ","Camtasia upgrade for Rich Elliott",
TS,D49793,"Zoho Corp (ManageEngine)",Corp,02/12/2018,software,"$1,153.00 ","Annual renewal for Desktop Central software and support.",
SH,D49794,Amazon.com," OSU Atami project.",02/12/2018,Miscellaneous,,,
AC,D49795,amazon.com,Corp,2/13/2018,Miscellaneous,"$179.94 ","Laptop Bags for stock",
MM,D49796,"Cloudberry (digital river)",Corp,1/19/2018,software,"$280.00 ","Cloudberry Backup software for Corporate",
DG,D49797,Skyxoft,Corp,1/19/2018,Software,"$432.00 ","Expiration reminder cloud solution",
DG,D49798,Symless,Corp,1/22/2018,Software,"$49.00 ","Desktop management",
DG,D49799,Newegg,Sumner,1/23/2018,Server,"$2,773.39 ","File server for Sumner",
TS,D49800,SHI,"BIM- PDX/SEA",2/14/2018,software,"$5,230.18 ","Autodesk AECC subscription renewal for David Krein and Nick Hyett-Schnell",
AC,D49801,amazon.com,Reno,2/14/2018,Miscellaneous,"$9.00 ","Belt clip for Orlando Guzman's phone",
AC,D49802,amazon.com,Reno,2/14/2018,Miscellaneous,"$378.90 ","2 ASUS 27"" monitor for Weston Espinosa",
AC,D49803,SHI,"Reno = $742.54, Corp = $371.27, Eugene =$ 371.27, 17-0544 = $371.27",2/14/2018,Miscellaneous,"$1,856.35 ","5 Bluebeam Revu license",
TS,D49804,SHI,All,2/14/2018,software,"$12,916.05 ","Maintenance and licensing renewal for Bluebeam",
TS,D49805,SHI,"PDX, PDX-Jim Liggett",2/14/2018,"Computer (Laptop, Desktop or Tablet)","$4,512.22 ","Estimator laptop for Jim Ligget and stock. With dock and warranty.",
AC,D49806,amazon.com,Reno,2/15/2018,Miscellaneous,"$195.77 ","Docking station for Weston Espinosa for W541",
SH,D49807,Amazon.com,"Corp inventory",2/15/2018,Miscellaneous,"$43.17 ","Samsung S7 belt clips",
AC,D49808,amazon.com,Corp,2/16/2018,Miscellaneous,"$111.84 ","iPad chargers/Apple chargers",
DG,D49809,Bridgetech,"17-0546, 17-0698",02/12/2018,Network,"$1,836.98 ","Firewalls for two jobs",
DG,D49810,Bridgetech,"Multiple, see PO form",01/11/2018,Network,"$2,645.63 ","Firewall renewal coterms",
DG,D49811,Bridgetech,"Seattle Office",1/26/2018,Network,"$1,573.00 ","Wireless access points",
TS,D49812,SHI,"Corp software",2/19/2018,software,"$705.90 ","Veeam agents for physical servers 1 yr",
TS,D49813,SHI,17-0429,2/19/2018,"Computer (Laptop, Desktop or Tablet)","$85.00 ","surface pen for Dustin meissner",
DG,D49814,Godaddy,Corp,2/19/2018,Network,"$72.85 ","Domain wpibuild.com",
SH,D49815,Amazon.com,"17-0698 Eastside Tali Hall",2/20/2018,Miscellaneous,"$130.80 ","iPad latch for Sumner Field (Qty 3)",
SH,D49816,Amazon.com,"17-0544 SeaTac IAF",2/20/2018,Miscellaneous,"$1,009.05 ","display, cables, docking station",
AC,D49817,amazon.com,Eugene,2/21/2018,Miscellaneous,"$164.85 ","3 USB Plugable",
TS,D49818,SHI,"18-0794, 17-0451",2/21/2018,"Computer (Laptop, Desktop or Tablet)","$3,204.38 ","t570 laptop with warranty for Ty hunter and dustin robertson",
TS,D49819,SHI,Portland,2/26/2018,"Computer (Laptop, Desktop or Tablet)","$2,219.72 ","PM\estimator ultrabook for stock",
TS,D49820,SHI,Portland,2/21/2018,"Computer (Laptop, Desktop or Tablet)","$4,364.45 ","3 foreman grade laptops for stock",
AC,D49821,amazon.com,17-0455,2/23/2018,Miscellaneous,"$138.78 ","Docking station for Danny Rockway",
TS,D49822,Amazon.com,"18-0001, pdx",2/26/2018,Miscellaneous,"$274.41 ","video cables and kyeboard compos for stock. Cell phone car mounts for warehouse",
SH,D49823,Amazon.com,"Corporate - Ray Rask",2/26/2018,Miscellaneous,"$27.99 ","Monitor mount bracket for large display",
SH,D49824,Newegg,"Split charge between Job # 17-0216, Job # 17-0539",2/27/2018,Miscellaneous,"$681.37 ","2 Brother J6930 printers for the VA Datas in Spokane",
TS,D49825,SHI,SEA,2/28/2018,"Computer (Laptop, Desktop or Tablet)","$2,992.63 ","x1 yoga laptop with 2 docks and warranty for sunny smith",
TS,D49826,SHI,PDX,2/28/2018,"Computer (Laptop, Desktop or Tablet)","$2,219.72 ","t480s laptop with warranty and dock for Bernie bishoff",
MM,D49827,SHI,Corp,2/28/2018,software,"$15,764.76 ","SQL Server licenses for WPIVista",
MM,D49828,"Copiers NW","Corp / PDX",2/28/2018,Printer,"$17,180.54 ","(2) Canon Imagerunner IRC5540i copiers for Wilsonville Office",
JM,D49829,SHI,Corp,03/01/2018,"Hard drive  ","$8,182.88 ","Eight HPE SSD for VSAN cluster",
JM,D49830,iLand,Corp,03/01/2018,"Disaster recovery","$2,221.63 ","Implement Zerto software & connectivity to iLand datacenter",
TS,D49831,"Druva ",regional,03/07/2018,software,"$21,294.00 ","Renewal for Druva client backup",
SH,D49832,Newegg,"17-0698 Eastside Tali Hall",03/02/2018,Miscellaneous,"$251.38 ","Printer for Nick Herrmann",
DG,D49833,Amazon.com,17-0546,03/05/2018,Network,"$49.15 ","Cat6 Cables",
TS,D49834,SHI,PDX,03/05/2018,"Computer (Laptop, Desktop or Tablet)","$2,254.98 ","t480s laptop with warranty and dock for Devin Deller",
SH,D49835,Amazon.com,"Corporate - inventory",03/05/2018,Miscellaneous,"$18.75 ","for inventory",
SH,D49836,SHi,"Split PDX and Eugene",03/05/2018,Software,"$1,856.35 ","Bluebeam licenses for Ty Hunter and Dustin Robertson, others",
SH,D49837,Amazon.com,"Corporate - inventory",03/05/2018,Miscellaneous,"$168.67 ","Backpacks and Samsung charging cables",
SH,D49838,Amazon.com,"Corporate - Zach Tyler",03/07/2018,Miscellaneous,"$43.65 ","Headset for Zach Tyler approved by David Krein",
AC,D49839,"Apple Store",Eugene,2/22/2018,Software,"$24.99 ","App for iPad - Eugene office",
TS,D49840,"Quest Systems",Corp,03/08/2018,software,"$7,730.00 ","Offiste cloud connect storage and service for Veeam backup cold storage",
DG,D49841,Thycotic,Corp,03/08/2018,Software,"$1,340.64 ","Password management licensing",
TS,D49842,SHI,Corp,03/08/2018,"Maintenance / Support","$225.36 ","24/7 support for Veeam",
TS,D49843,Amazon,17-0730,03/08/2018,"Monitors, Projector & LCD","$349.98 ","2 27"" monitors for Ethan Wood",
MM,D49844,Amazon,17-0027,03/09/2018,Miscellaneous,"$39.99 ","Samsung 128GB SD card",
MM,D49845,Amazon,Corp,3/14/2018,Miscellaneous,"$96.26 ","ESD booties and pneumatic chair for server room",
SH,D49846,Newegg,"17-0406 BCCH ",3/13/2018,Printer,"$299.99 ","printer for 17-0406 BCCH - Jason Hanley approved by Troy Slogowski",
TS,D49847,Amazon,Reno,3/13/2018,"Computer (Laptop, Desktop or Tablet)","$43.63 ","new LCD fro Mark Boortz laptop",
SH,D49848,Amazon.com,Corporate,3/15/2018,Miscellaneous,"$84.90 ","Replacement ergonomic mouse for Tina, otterbox for Samsung",
SH,D49849,Amazon.com,"Corporate and Bend OR projects",3/15/2018,Miscellaneous,"$434.17 ","iPhone X case for Ryan Wallace, displays for Jim Redfield",
TS,D49850,Amazon.com,Corp,3/16/2018,Miscellaneous,"$154.53 ","video cables for stock, phone case for Jmorris, Keyboard for TSauter",
TS,D49851,SHI,"Portland - Mitch Rask",3/16/2018,"Computer (Laptop, Desktop or Tablet)","$2,808.86 ","Lenovo Yoga X1 with warranty and dock",
TS,D49852,Amazon,18-0794,3/22/2018,"Computer (Laptop, Desktop or Tablet)","$137.98 ","16gb Ram upgrade for Gary Curl",
TS,D49853,SHI,"Portland- Shawn Coates, Paul Yannello",3/22/2018,"Computer (Laptop, Desktop or Tablet)","$4,493.04 ","2 t480s with warranty and dock for Shawn Coates and Paul Yannello",
SH,D49854,Amazon.com,"Grant HS",3/21/2018,Miscellaneous,"$59.95 ","Otterbox case for Samsung S9+",
SH,D49855,Amazon.com,"Corporate - Zach Tyler",3/20/2018,Miscellaneous,"$39.95 ","Headset for Zach Tyler approved by David Krein",
SH,D49856,Amazon.com,17-0503/Corporate/PDX,3/22/2018,Miscellaneous,,"Display mount and dockng station (Ethan Wood and Parks McCants, latch for Chris Carothers iPad",
DG,D49857,Amazon.com,Corp,3/23/2018,Miscellaneous,"$36.97 ","Phone accessories",
TS,D49858,SHI,"Eugene - coatings Tim Meek",3/23/2018,"Computer (Laptop, Desktop or Tablet)","$2,254.98 ","t480s laptop with warranty and dock forTim Meek",
SH,D49859,"Apple Store",17-0609,3/26/2018,Software,"$49.95 ","Bluebean licenses for iPad - Chris Carothers",
TS,D49860,Amazon.com,"PDX, corp- partial return 4/2/18",3/27/2018,Miscellaneous,"$278.87 ","cable, surge protector for stock, lamps for Tysen -- Return of 54.52 prcoeessed on 4/2",
SH,D49861,Amazon.com,Corp,3/28/2018,Miscellaneous,"$12.99 ","iPhone case for Carrie Dixon - Shared use plan",
SH,D49862,Amazon.com,"Eugene Office",3/28/2018,Miscellaneous,"$74.97 ","Keyboard and mouse for Eugene",
SH,D49863,Amazon.com,Corp,3/28/2018,Miscellaneous,"$31.97 ","Phone cases for IT",
MM,D49864,Amazon.com,"Seattle buildout",3/29/2018,Miscellaneous,"$961.75 ","Server room AC and environmental monitoring",
TS,D49865,Amazon.com,Wilsonville,04/02/2018,Miscellaneous,"$22.95 ",Lightbulbs,
SH,D49866,Amazon.com,Corporate,04/02/2018,Miscellaneous,"$371.10 ","Plantronics headsets for IT staff",
TS,D49867,"ManageEngine (Zoho Corp)",Corp,04/03/2018,software,"$574.00 ","Additional 1 technician licenses for ServiceDesk and ADManager",
SH,D49868,Amazon.com,"Sumner office",04/05/2018,Miscellaneous,"$78.46 ","phone case for samsung S7 and S5",
SH,D49869,Bridgetech,"Corporate office",04/06/2018,Miscellaneous,,"(5) E3 and (5) E1 licenses",
SH,D49870,Amazon.com,"Corporate office",04/06/2018,Miscellaneous,"$144.99 ","SSD hard drive for Steve L.",
SH,D49871,Amazon.com,"18-0781 Aspire",04/11/2018,Miscellaneous,"$60.95 ","Cables for job #18-0781",
SH,D49872,Amazon.com,McKenzie,04/11/2018,Miscellaneous,"$531.98 ","2 displays and a docking station",
SH,D49873,Amazon.com,"Upstream PRN 5/6",04/12/2018,Miscellaneous,"$2,714.93 ","Conference room large display, misc hardware",
TS,D49874,SHI,"New Mexico Alan Chavez",4/13/2018,"Computer (Laptop, Desktop or Tablet)","$2,261.63 ","Lenovo P51 laptop with warranty and dock for Alan Chavez",
TS,D49875,SHI,"Seattle Rick Mueller",4/14/2018,"Computer (Laptop, Desktop or Tablet)","$2,486.22 ","Lenovo t480s with warranty and 2 cdocking stations for Rick Mueller",
SH,D49876,Amazon.com,"Antelope, Sumner",4/17/2018,Miscellaneous,"$227.19 ","phone and iPad accessories",
MM,D49877,Amazon.com,18-0828,4/17/2018,Miscellaneous,"$20.28 ","USB Wifi adapter",
MM,D49878,Bridgetech,"SEA / Corp",02/09/2018,"Software Subscription","$5,824.35 ","office 365 subscription and WAN optimization for Wilsonville / Sumner",
MM,D49879,Bridgetech,"SEA / Corp",03/01/2018,"Software Subscription","$5,740.35 ","office 365 subscription and WAN optimization for Wilsonville / Sumner",
SH,D49880,VMWare,Corporate,4/23/2018,Software,,"Fusion 10 for Mac - Sean Hudson",
SH,D49881,Amazon.com,"Special Projects",4/20/2018,Miscellaneous,"$130.09 ","Docking station for Ben Kirkup",
SH,D49882,Amazon.com,"Spokane office",4/20/2018,Miscellaneous,"$43.48 ","Keyboard for Julie Chase",
SH,D49883,"Apple Store","Eugene - Upstream PRN 5/6",4/19/2018,Miscellaneous,"$24.99 ","Construction Master Pro app for Justin Herring",
SH,D49884,Amazon.com,"Corporate inventory",4/18/2018,Miscellaneous,"$274.22 ","Corporate inventory, Laptop bags, Kybd/mouse combos, ",
SH,D49885,Amazon.com,"New Mexico Alan Chavez",4/17/2018,Miscellaneous,"$439.38 ","2 displays with cables for Alan Chavez in New Mexico",
SH,D49886,Amazon.com,"Sumner office",4/23/2018,Miscellaneous,"$109.75 ","S7 cases for Sumner phone deployments",
MM,D49887,Bridgetech,Corp,3/26/2018,Helpdesk,"$2,142.22 ","Prorated February helpdesk subscription",
MM,D49888,Bridgetech,"EUG / SEA / Corp",3/26/2018,"Software Subscription","$6,331.99 ","Bigleaf - Sumner, Wilsonville, Eugene and O365 subscription for March",
SR,D49889,Amazon.com,Corp,4/23/2018,Miscellaneous,"$33.99 ","1x Logitech G230 Stereo Gaming Headset for Jeff Feucht",
TS,D49890,SHI,Corp,4/23/2018,Software,"$4,398.30 ","10 bluebeam licenses with enterprise and maintenance",
SR,D49891,Amazon.com,17-0497,4/23/2018,Miscellaneous,"$174.40 ","4x OtterBox Utility Series Latch II Cases with Accessory Bag (10"" Tablet)",
MM,D49892,Bridgetech,Corp,3/26/2018,Helpdesk,"$9,997.00 ","Bridgetech hosted helpdesk - March",
MM,D49893,Bridgetech,Corp,4/16/2018,Helpdesk,"$6,665.00 ","Bridgetech hosted helpdesk - Prorated April",
MM,D49894,Bridgetech,"SEA / EUG / CORP",4/16/2018,"Software Subscription","$6,219.99 ","O365 subscription April / Bigleaf SEA / EUG / CORP",
TS,D49895,SHI,SEA,4/24/2018,"Computer (Laptop, Desktop or Tablet)","$1,695.15 ","T580 Laptop, with warranty and dock for Marty Cope",
SH,D49896,SHI,"Building Cure project #17-0545",4/24/2018,"Computer (Laptop, Desktop or Tablet)","$715.02 ","Small desktop for conference room",
MM,D49897,Lightwerks,18-0758,4/24/2018,AV,"$1,351.25 ","Crestron HDMI extender kits for Sumner conference room",
MM,D49898,Lightwerks,Portland,4/24/2018,AV,"$1,082.36 ","Mersive Solstice Pod for downstairs meeting room",
MM,D49899,Amazon.com,Portland,4/25/2018,AV,"$918.82 ","Samsung LCD, Roku Express, LCD Mount",
SH,D49900,Amazon.com,"Corporate inventory",4/24/2018,Miscellaneous,"$55.88 ","Phone belt clips",
SH,D49901,Amazon.com,"Upstream PRN 5/6",4/25/2018,Miscellaneous,"$16.98 ","Floor cable manager",
SH,D49902,Amazon.com,"New Mexico - Alan Chavez",4/25/2018,Miscellaneous,"$133.46 ","Display adapters and cables",
SH,D49903,Amazon.com,"Building Cure project #17-0545",4/25/2018,Miscellaneous,"$940.10 ","Conference room display hardware",
SR,D49904,Amazon.com,"17-0594 Seattle Asian Art Museum",4/26/2018,Miscellaneous,"$20.00 ","1x Otterbox Defender Case for Samsung Galaxy S7",
MM,D49905,Zones,"SEA, Portland, Corp",4/26/2018,Software,"$2,999.16 ","Adobe Subscription renewal for Teams",
TS,D49906,SHI,"Reno -Nate H.",4/26/2018,"Computer (Laptop, Desktop or Tablet)","$2,254.98 ","t480s with warranty and dock for Nate H.",
GR,D49907,Amazon.com,"17-0664 PCC CDC",4/26/2018,Miscellaneous,"$31.39 ","Monitor Stand",
TS,D49908,SHI,17-0545,4/27/2018,"Computer (Laptop, Desktop or Tablet)","$2,853.28 ","Lenovo x1 yoga with warranty and 2 docks for Megan Boatman",
SR,D49909,Amazon.com,Spokane,4/27/2018,Miscellaneous,"$98.50 ","1x Lenovo ThinkPad T570 LCD Screen",
GR,D49910,Amazon.com,"18-0828 Upstream PRN 5/6",4/27/2018,Miscellaneous,"$20.00 ","S& Case",
SR,D49911,Amazon.com,Portland,4/27/2018,Miscellaneous,"$39.95 ","1x Razer Kraken USB Over Ear PC and Music Headset for Carlos Mesa",
MM,D49912,Amazon.com,17-0609,4/30/2018,"Computer (Laptop, Desktop or Tablet)","$190.97 ","Azulle Stick PC and wireless combo for jobsite",
MM,D49913,Bridgetech,Corp,19/04/2018,"Software Subscription","$779.00 ","3/19-4/19 Azure Usage - ADFS infrastructure",
GR,D49914,Amazon.com,"Block 25 17-0422",5/1/2018,Miscellaneous,"$85.93 ","Otterbox case and latch for iPad",
DG,D49915,Bridgetech,"Multiple, see PO form",4/29/2018,"Firewall renewals","$1,276.00 ","Firewall renewal coterms",
DG,D49916,Bridgetech,"Multiple, see PO form",4/15/2018,"Network security","$8,077.41 ","Firewall renewal coterms, virtual firewall, wireless access points",
DG,D49917,Bridgetech,Corp,4/14/2018,Consulting,"$7,042.75 ","ADFS consulting work",
TS,D49918,Amazon.com,"PDX, Corp",5/1/2018,Miscellaneous,"$44.97 ","power cable for desks, coffee for IT",
SH,D49919,Amazon.com,"17-0712 I5 Casino",5/8/2018,Miscellaneous,"$175.25 ","Misc Cabling and hardware",
GR,D49920,Amazon.com,"17-0455 Multnomah County",5/2/2018,Miscellaneous,"$18.99 ","Samsung Galaxy S5 Otterbox Case",
GR,D49921,Amazon.com,"Facebook Upstream 18-0794",5/2/2018,Miscellaneous,"$344.26 ","2 ASUS 27"" monitors",
GR,D49922,Amazon.com,"Eugene Office",5/2/2018,Miscellaneous,"$498.00 ","43"" Sony 4K TV",
SH,D49923,Amazon.com,17-0497,5/2/2018,Miscellaneous,"$337.74 ","Printer for I5 Casino",
SH,D49924,Amazon.com,17-0497,5/1/2018,Miscellaneous,"$782.04 ","Displays for I5 Casino",
SH,D49925,Amazon.com,"Upstream PRN 5/6",5/1/2018,Miscellaneous,"$73.96 ","Keyboard/mouse and HDMI cables for John and Gary office",
SR,D49926,"Apple Store",18-0766,05/04/2018,Software,"$9.99 ","1x Bluebeam Revu license for iPad",
SR,D49927,PlanGrid.com,18-0794,05/07/2018,Software,"$59.00 ","1x PlanGrid Dozer license for Justin Herring",
SH,D49928,Amazon.com,17-0594,05/07/2018,Miscellaneous,"$194.54 ","Docking station for Sean Brith",
SH,D49929,Amazon.com,17-0712,05/08/2018,Miscellaneous,"$584.99 ","Cell booster for parking garage",
SR,D49930,Amazon.com,Corporate,05/08/2018,Miscellaneous,"$109.90 ","2x Plugable USB 3.0 Dual Head Graphics Adapters",
SR,D49931,Amazon.com,17-0697,05/08/2018,Miscellaneous,"$416.47 ","1x ASUS VE278H 27"" LED Monitor, 1x Lenovo W540 A/C Adapter, 1x Lenovo ThinkPad Ultra Dock for Dave Bienhoff",
SR,D49932,Amazon.com,18-0794,05/08/2018,Miscellaneous,"$171.27 ","1x ASUS VE278H 27"" LED Monitor for Charles Hendrix",
SR,D49933,Amazon.com,Reno,05/08/2018,Miscellaneous,"$67.95 ","1x Crucial 8GB Single DDR3/DDR3L 1600 MT/S (PC-12800) SODIMM RAM for Jerrid Schneider",
SR,D49934,Amazon.com,16-9599,05/08/2018,Miscellaneous,"$67.21 ","1x Lenovo W540 A/C Adapter for Sean Lindh docking station",
JM,D49935,SHI,Corp,05/08/2018,Network,"$4,772.59 ","Core-access uplink redundancy for panel plant and auxiliary building",
SH,D49936,Amazon.com,"OHSU 17-0027",05/09/2018,Miscellaneous,"$207.79 ","iPad chargers, keyboard/mouse combo's",
MM,D49937,Goodsync,Corp,05/09/2018,Software,"$199.00 ","Goodsync Enterprise Maintenance",
SR,D49938,Amazon.com,Corp,05/10/2018,Miscellaneous,"$109.98 ","2x Plugable USB 3.0 Dual Head Graphics Adapters",
GR,D49939,Amazon.com,"Sea Office",05/10/2018,Printer,"$337.74 ","Brother MFCJ6935 Printer",
GR,D49940,Amazon.com,"Eug Office",05/11/2018,Miscellaneous,"$177.99 ","Docking Station for W540",
GR,D49941,PlanGrid.com,17-0497,05/11/2018,Software,"$39.00 ","Nail Gun License for Aaron Ohnstad",
SR,D49942,Amazon.com,18-0781,05/11/2018,Miscellaneous,"$78.63 ","1x iPad Charger, 1x Otterbox Defender Case for Samsung Galaxy S7, 1x Otterbox Utility Series Latch II for 10"" Tablets",
SR,D49943,Amazon.com,Eugene,5/14/2018,Miscellaneous,"$48.90 ","1x Plugable USB 3.0 to HDMI Adapter for Brian Keys",
GR,D49944,PlanGrid.com,17-0497,5/14/2018,Software,"$39.00 ","Nail Gun License for Chase Brown",
GR,D49945,Amazon.com,Corp,5/15/2018,Miscellaneous,"$389.97 ","3 Asus 24"" Monitors - John Kenny",
GR,D49946,PlanGrid.com,17-0341,5/15/2018,Software,"$59.00 ","Upgraded Andrea Aragon to Dozer",
SR,D49947,Amazon.com,17-0712,5/15/2018,Miscellaneous,"$57.90 ","2x Plantronics Explorer 50 Bluetooth Headset",
SH,D49948,Amazon.com,17-0712,5/16/2018,Miscellaneous,"$243.84 ","ASUS Display and surge protector for Jeremiah at job site",
SR,D49949,Amazon.com,Corporate,5/17/2018,Miscellaneous,"$67.50 ","5x Duck Brand Bubble Wrap 12in x 150ft",
SR,D49950,Amazon.com,18-0828,5/17/2018,Miscellaneous,"$80.63 ","1x Logitech MX Master 2S Wireless Mouse",
SR,D49951,Amazon.com,Corporate,5/18/2018,Miscellaneous,"$68.79 ","3x Plugable USB Bluetooth 4.0 Dongle, 3x Rosewill Dual Band USB Wi-Fi Dongle",
SR,D49952,Amazon.com,Corporate,5/18/2018,Miscellaneous,"$61.39 ","1x Screen Cleaner Kit 16oz, x1 Endust for Electronics Cleaning Wipes, x1 Compressed Air Cans 10oz 8 Pack",
GR,D49953,Amazon.com,Sumner,5/21/2018,Miscellaneous,"$23.98 ","Case for Galaxy S9 - Joshua Evermast",
GR,D49954,Amazon.com,Sumner,5/21/2018,Miscellaneous,"$17.48 ","Case for Galaxy Note 8 - Rick Brown",
SR,D49955,Amazon.com,18-0794,5/22/2018,Miscellaneous,"$19.07 ","1x Samsung Galaxy S7 Otterbox Defender Case",
TS,D49956,SHI,"RENO - SAIF reimbursement",5/22/2018,"Computer (Laptop, Desktop or Tablet)","$2,265.55 ","Surface Pro, type cover, pen, dock, case and warranty for Justin Trayford",
TS,D49957,Amazon.com,Corp,5/22/2018,Miscellaneous,"$35.98 ","Coffee for IT office",
SR,D49958,Amazon.com,18-0794,5/22/2018,Miscellaneous,"$386.38 ","2x Lenovo ThinkPad Ultra Dock",
MM,D49959,Amazon.com,17-0451,5/23/2018,Network,"$162.80 ","Netgear 16port switch and CAT6 cabling",
GR,D49960,Amazon.com,17-0306,5/23/2018,Miscellaneous,"$139.89 ","Dock for W541 - Approved by Casey Coates. Ordered put in by Pam McAdams for Stefan Corr",
SR,D49961,Amazon.com,Corporate,5/23/2018,Miscellaneous,"$16.99 ","1x Pwr+ 70W AC Adapter for Panasonic ToughPad FZ-G1",
TS,D49962,SHI,18-0794,5/23/2018,"Computer (Laptop, Desktop or Tablet)","$1,464.13 ","T580 laptop with warranty for John Rask",
GR,D49963,Amazon.com,17-0451,5/25/2018,Miscellaneous,"$159.90 ","Zagg keyboard case for iPad (2)",
SR,D49964,Amazon.com,18-0794,5/25/2018,Miscellaneous,"$19.07 ","Otterbox Defender Case for Samsung Galaxy S7",
GR,D49965,Amazon.com,Corporate,5/25/2018,Miscellaneous,"$69.94 ","P50 Laptop Charger",
MM,D49966,Amazon.com,17-0341,5/29/2018,Network,"$744.84 ","Synology NAS, Ram upgrade, (2) Intel enterprise SSD",
SH,D49967,Amazon.com,"Upstream PRN 5/6",5/30/2018,Miscellaneous,"$83.94 ","Mic and cable for conf room",
SR,D49968,Amazon.com,Eugene,5/30/2018,Miscellaneous,"$401.36 ","5x Dual Port iPhone Charger w/ Travel Adapter & 6ft Lighting to USB Cable 2 Pack, 2x Universal USB Wall Charger Adapter w/ 10ft MicroUSB Cable 4 Pack, 5x AmazonBasics Dual Port USB Car Charger, 2x AmazonBasics High-Speed HDMI Cable, 6ft 3 Pack, 2x AmazonBasics High-Speed HDMI Cable, 10ft 3 Pack, 2x AmazonBasics High-Speed HDMI Cable, 3ft 3 Pack, 1x Digitallinx DL-AR Liberty Universal HDMI Adapter Ring, 10x Mediabridge CAT6 Ethernet Cable 10ft, 1x AmazonBasics Mini DisplayPort to HDMI Cable, 15ft",
SR,D49969,Amazon.com,Eugene,5/30/2018,Miscellaneous,"$68.58 ","2x Otterbox Utility Series Latch II Case with Accessory Bag",
SR,D49970,Amazon.com,17-0306,5/30/2018,Miscellaneous,"$26.99 ","1x Otterbox Defender Case for Samsung Galaxy S6",
SR,D49971,Amazon.com,17-0027,5/30/2018,Miscellaneous,"$26.99 ","1x Otterbox Defender Case for Samsung Galaxy S6",
SR,D49972,Amazon.com,17-0451,5/30/2018,Miscellaneous,"$53.98 ","1x Otterbox Defender Case for Samsung Galaxy S6",
SR,D49973,Amazon.com,Corporate-IT,5/30/2018,Miscellaneous,"$12.99 ","1x Universal USB Wall Charger Adapter w/ 10ft MicroUSB Cable 4 Pack",
SR,D49974,PlanGrid.com,17-0544,5/31/2018,Miscellaneous,"$59.00 ","1x PlanGrid Dozer license for Jeremiah Easter",
GR,D49975,Amazon.com,"17-0712 NW 14th and Glisan project",06/01/2018,Miscellaneous,"$54.95 ","Pluggable display adapter",
SR,D49976,PlanGrid.com,17-0497,06/04/2018,Miscellaneous,"$39.00 ","1x PlanGrid Nailgun license for Juan Carranza",
MM,D49977,Bridgetech,"CORP / SEA / EUG",06/04/2018,"Cloud Services","$6,573.23 ","Big leaf WAN optimization service for Wilsonville, EUG, and SEA.  O365 licensing for May",
MM,D49978,Bridgetech,Corp,06/04/2018,"Cloud Services","$760.00 ","Azure charges for hosted ADFS",
SR,D49979,Amazon.com,Eugene-Doors,06/04/2018,Miscellaneous,"$235.98 ","1x Brother MFC-J6930dw Printer, 1xMediabridge CAT6 Ethernet Cable 15ft for Lakeview Office",
SR,D49980,Amazon.com,17-0598,06/04/2018,Miscellaneous,"$24.99 ","1x Otterbox Defender Case for Samsung Galaxy S6",
SR,D49981,Amazon.com,Corporate-IT,06/04/2018,Miscellaneous,"$25.98 ","2x Universal USB Wall Charger Adapter w/ 10ft MicroUSB Cable 4 Pack",
SR,D49982,Amazon.com,17-0455,06/04/2018,Miscellaneous,"$39.00 ","1x PlanGrid Nailgun license for Daniel Tracy",
GR,D49983,Amazon.com,Corp,06/05/2018,Miscellaneous,"$49.99 ","External Hard drive for Angela Roach",
SR,D49984,Amazon.com,17-0451,06/05/2018,Miscellaneous,"$40.00 ","2x Otterbox Defender Case for Samsung Galaxy S7",
GR,D49985,Amazon.com,18-800,06/07/2018,Miscellaneous,"$27.99 ","iPad mini otterbox case - Ryan Hulstine","Going to be returned"
SR,D49986,SHI,Corporate-IT,06/08/2018,"Computer (Laptop, Desktop or Tablet)","$2,671.65 ","1x Lenovo ThinkPad T480s, 2x Lenovo ThinkPad Ultra Docking Station, 1x Lenovo ThinkPad Gobi 5000 Wireless Cellular Modem, 1x Lenovo ePac On-Site Repair Extended Service Agreement",
GR,D49987,Amazon.com,18-0866,06/11/2018,Miscellaneous,"$405.36 ","2x Asus 27in Monitors, Dual Monitor Stand, Logitech Keyboard and Mouse",
SR,D49988,SHI,Sumner-ACT,06/08/2018,"Computer (Laptop, Desktop or Tablet)","$2,266.90 ","1x Lenovo ThinkPad P51, 1x Lenovo ThinkPad Workstation Dock, 1x Lenovo ePac On-Site Repair Extended Service Agreement",
SR,D49989,Amazon.com,Sumner-BIM,06/11/2018,Miscellaneous,"$38.95 ","1x Razer Kraken USB Over Ear PC and Music Headset",
DG,D49990,Bridgetech,"Corp / 17-0341",06/01/2018,"Network  ","$1,603.41 ","Firewall + Wireless access point",
GR,D49991,Amazon.com,18-0877,06/11/2018,Miscellaneous,"$13.99 ","iPad 5th/6th Generation Case 9.7 2018 Case - Alex Rask",
TS,D49992,SHi,"Reno TI Expansion",06/11/2018,server,"$2,671.61 ","Synology server",
GR,D49993,Amazon.com,18-0827,06/12/2018,Miscellaneous,"$72.24 ","Otterbox case and latch for iPad - Carrie Dixon",
SH,D49994,Amazon.com,"Reno TI Expansion",06/08/2018,Miscellaneous,"$869.87 ",,
SH,D49995,Amazon.com,"Reno TI Expansion",06/11/2018,Miscellaneous,"$83.90 ","Vertical rack mount and fiber patch cables",
GR,D49996,Amazon,17-0627,06/12/2018,Miscellaneous,"$26.25 ","Otterbox latch for iPad - Bill Alagoz",
GR,D49997,Amazon,18-0877,06/12/2018,Miscellaneous,"$26.25 ","Otterbox latch for iPad - Alex Rask",
SH,D49998,Amazon.com,"Reno TI Expansion",06/12/2018,Miscellaneous,"$126.54 ","5"" patch cables",
JM,D49999,SHI,"Reno TI Expansion",6/14/2018,Network,"$8,434.96 ","Cisco Catalyst 3650 hardware, license and support.",
GR,D50000,Amazon.com,17-0348,06/12/2018,Miscellaneous,"$19.99 ","S6 Otterbox Case - James Bone",
TS,D50001,Amazon.com,Corp-IT,6/13/2018,Miscellaneous,"$33.97 ","Coffee for IT office",
SR,D50002,Amazon.com,Eugene,6/14/2018,Miscellaneous,"$19.75 ","1x Kingwin USB 3.0 Card Reader Hub + 3 USB Ports",
SR,D50003,Amazon.com,Corporate-IT,6/14/2018,Miscellaneous,"$296.16 ","2x Lenovo 170W Slim Tip AC Adapter, x1 VELCRO Brand - 2"" x 15' - Black, 3x Otterbox Utility Series Latch II for 10"" Tablet, 5x 12w iPad Charger w/ 2 Pack 3ft Lighting Cable",
SR,D50004,Amazon.com,Corporate-Prefab,6/14/2018,"Miscellaneous ","$298.00 ","1x Brother MFC-J6930dw Printer",
SR,D50005,Amazon.com,18-0766,6/15/2018,Miscellaneous,"$373.97 ","1x AmazonBasics Laptop Backpack, 2x ASUS VE278H 27"" LCD Monitors",
SR,D50006,Amazon.com,18-0828,6/15/2018,Miscellaneous,"$373.97 ","1x AmazonBasics Laptop Backpack, 2x ASUS VE278H 27"" LCD Monitors",
SR,D50007,Amazon.com,18-0766,6/15/2018,Miscellaneous,"$343.98 ","2x ASUS VE278H 27"" LCD Monitors",
SR,D50008,Amazon.com,Corporate,6/15/2018,Miscellaneous,"$52.80 ","2x Otterbox Defender Case for Samsung Galaxy S7 Edge",
SR,D50009,Amazon.com,Reno,6/15/2018,Miscellaneous,"$15.99 ","1x iPad Charger w/ 2 Pack 3ft Lightning Cable",
,D50010,Amazon.com,18-0828,6/18/2018,Miscellaneous,"$50.39 ","1x Otterbox Defender Case for Apple iPad 9.7""",
TS,D50011,Amazon.com,PDX,6/18/2018,Miscellaneous,"$99.49 ","filter supplies for IDFs",
GR,D50012,Amazon.com,"Eastside Prep 17-0698",6/19/2018,Miscellaneous,"$70.75 ","Utility Latch and Otterbox case for iPad",
GR,D50013,Amazon.com,"Building Cure 17-0545",6/19/2018,Miscellaneous,"$70.75 ","Utility Latch and Otterbox case for iPad",
MM,D50014,Amazon.com,Spokane,6/19/2018,"Monitors, Projector & LCD","$108.68 ","DR.J mini projector for Gary Conner",
SR,D50015,Amazon.com,18-0828,6/19/2018,Miscellaneous,"$21.95 ","1x Otterbox Defender Case for Samsung Galaxy S7",
SR,D50016,Amazon.com,Corporate-IT,6/20/2018,Miscellaneous,"$135.55 ","1x Kingston Data Traveler DT100 16GB USB 3.0 Flash Drive 5-Pack, 5x Logitech MK270 Wireless Keyboard and Mouse Combo",
GR,D50017,Amazon.com,17-0455,6/21/2018,Miscellaneous,"$19.99 ","S7 Otterbox Case for Jesse Giessey",
"GR ",D50018,Amazon.com,17-0027,6/21/2018,Miscellaneous,"$343.98 ","2 Monitors for new Intern - Requested by Bernie Bishoff",
SH,D50019,"Copiers NW","Sumner Office",6/21/2018,Hardware,"$8,590.27 ","Replacement of Ricoh 3500 copier",
GR,D50020,Amazon.com,Corp,6/22/2018,Miscellaneous,"$34.80 ","2 Cases for Galaxy S7 Edge - Dion Cowles",
MM,D50021,Amazon,Spokane,6/21/2018,"Monitors, Projector & LCD","$108.68 ","Portable projector for Gary Conner",
TS,D50022,"Hard drive direct",Corp,6/25/2018,Miscellaneous,"$199.90 ","New hard drive for WPISAN01 (veeam repository)-RMA'd",
TS,D50023,Amazon.com,Reno,6/21/2018,server,"$99.99 ","4gb Ram stick for Reno-Srv-2",
GR,D50024,Amazon.com,18-0781,6/25/2018,Miscellaneous,"$149.00 ","Apple TV - 32GB (4th Generation)",
DG,D50025,Amazon.com,Reno,6/26/2018,Network,"$174.46 ","Reno network accessories",
GR,D50026,Amazon.com,17-0027,6/27/2018,Miscellaneous,"$19.98 ","Wireless Mouse and Keyboard - Bernie Bishoff",
GR,D50027,Amazon.com,17-0353,6/27/2018,Miscellaneous,"$18.78 ","Case for Mike Jones - Requested by Tamara Gerds and Chuck Higgins",
SR,D50028,Amazon.com,17-0600,6/27/2018,Miscellaneous,"$93.95 ","5x Otterbox Defender Case for Samsung Galaxy S7",
SR,D50029,Amazon.com,17-0497,6/27/2018,Miscellaneous,"$343.98 ","2x ASUS VE278H 27"" LCD Monitors",
GR,D50030,Amazon.com,Corp,6/28/2018,Miscellaneous,"$225.48 ","Plantronics headset and lifter for Heather",
GR,D50031,Amazon.com,"14th and Glisan",6/28/2018,"Monitors, Projector & LCD","$403.98 ","55"" TCL TV and Mounting Bracket - Dick Dixon",
TS,D50032,Amazon.com,Corp,07/02/2018,Miscellaneous,"$33.97 ","Coffee for IT office",
GR,D50033,Amazon.com,Corp,07/02/2018,Miscellaneous,"$58.41 ","3x Wall Charger, 3x Lightning Cable",
SH,D50034,Amazon.com,"17-0501 The Collective",07/03/2018,Miscellaneous,"$2,292.07 ","Misc hardware for job site",
GR,D50035,Amazon.com,"17-0622 14th and Glisan",07/03/2018,Miscellaneous,"$72.09 ","Ipad Case & Latch",
SH,D50036,Strucsoft,Corp,07/05/2018,Software,"$895.00 ","Renewal for Strucsoft MWF",
SR,D50037,Amazon.com,Corporate-IT,07/05/2018,Miscellaneous,"$233.97 ","3x Samsung 860 EVO 250GB 2.5"" SATA III Internal SSD",
SR,D50038,Amazon.com,Eugene,07/05/2018,Miscellaneous,"$119.96 ","2x Lenovo 170W Slim Tip AC Adapter",
SR,D50039,Amazon.com,Corporate-IT,07/06/2018,Miscellaneous,"$76.99 ","1x Logitech MX Master 2S Wireless Mouse",
SR,D50040,Amazon.com,Seattle,07/06/2018,Miscellaneous,"$59.98 ","1x Lenovo 170W Slim Tip AC Adapter",
SH,D50041,Amazon.com,"Reno office",07/10/2018,Miscellaneous,"$250.09 ","PDU and UPS network interface card",
GR,D50042,Amazon.com,Corp,07/11/2018,Miscellaneous,"$59.98 ","Laptop charger for W540",
SR,D50043,Amazon.com,Corporate-IT,07/12/2018,Miscellaneous,"$59.98 ","1x Lenovo 170W Slim Tip AC Adapter",
GR,D50044,Amazon.com,17-0545,7/13/2018,Miscellaneous,"$266.67 ","W540 Docking Station and Charger",
GR,D50045,Udemy,Corp,06/04/2018,Education,"$10.99 ","Course for Certification",
GR,D50046,Amazon.com,Portland,7/16/2018,Miscellaneous,"$8.99 ","Galaxy S7 case - Paul Yannello",
SR,D50047,Amazon.com,Corporate-IT,7/16/2018,Miscellaneous,"$183.75 ","2x Samsung 860 EVO 250GB 2.5"" SATA III Internal SSD, 1x 10oz Compressed Air Cans 8 Pack",
SR,D50048,SHI,"Eugene-Brian Keys",7/17/2018,"Computer (Laptop, Desktop or Tablet)","$2,548.75 ","2x Lenovo ThinkPad Ultra Docking Station, 1x Lenovo ThinkPad T480s, 1x Lenovo ePac On-Site Repair Extended Service Agreement",
GR,D50049,Amazon.com,Corp,7/17/2018,Printer,"$169.99 ","Brother HL-L6200 for Angela Roach",
SR,D50050,Amazon.com,Corporate-IT,7/17/2018,Miscellaneous,"$197.24 ","5x Otterbox Defender Case for Samsung Galaxy S7, 3x Otterbox Utility Series Latch II Case with Accessory Bag, ",
SR,D50051,Amazon.com,Eugene,7/17/2018,Miscellaneous,"$231.57 ","1x Lenovo ThinkPad Ultra Docking Station",
MM,D50052,Amazon.com,Corporate,7/18/2018,Miscellaneous,"$39.49 ","Crucial 4GB RAM kit",
SR,D50053,Amazon.com,Corporate-IT,7/19/2018,Miscellaneous,"$105.60 ","5x Otterbox Defender Case for Samsung Galaxy S8",
MM,D50054,Bridgetech,"Corp, Sumner, Eugene",07/05/2018,"Cloud Services","$6,434.74 ","Office 365 subscription and WAN optimization for Wilsonville / Sumner / Eugene",
MM,D50055,Bridgetech,Corp,07/05/2018,"Cloud Services","$511.00 ","May 19 to June 19 Azure usage",
GR,D50056,Amazon.com,"17-0265 Block 20",7/20/2018,Miscellaneous,"$19.35 ","Logitech Wireless keyboard and mouse combo - Jason Deru",
GR,D50057,Amazon.com,18-0828,7/20/2018,Miscellaneous,"$17.98 ","iPad and Android chargers - Sheree Scheer",
GR,D50058,Amazon.com,"17-0712 14th & Glisan",7/20/2018,"Monitors, Projector & LCD","$338.84 ","2 x Asus 27"" Monitor - Chris Warren",
GR,D50059,Amazon.com,"18-0986 TLK1 Phase 2 & Phase 3",7/20/2018,"Monitors, Projector & LCD","$338.84 ","2 x Asus 27"" Monitor - Steve Gibbons",
GR,D50060,Amazon.com,18-0828,7/20/2018,Miscellaneous,"$19.35 ","Logitech Wireless keyboard and mouse combo - Sheree Scheer",
GR,D50061,Amazon.com,Portland,7/20/2018,"Monitors, Projector & LCD","$338.84 ","2 x Asus 27"" Monitor - Meagan Anderson",
TS,D50062,Amazon.com,"18-0738, Corp, PDX",7/20/2018,miscellaneous,"$246.34 ","Keyboard combo for Ryan willson, keyboard for Cindee, Coffee and console cables for IT, keyboard combos for stock.",
GR,D50063,Amazon.com,"17-0712 14th & Glisan",7/20/2018,Miscellaneous,"$240.06 ","Lenovo T580 Docking Station + Mouse and Keyboard Combo",
GR,D50064,Amazon.com,"18-0986 TLK1 Phase 2 & Phase 3",7/20/2018,Miscellaneous,"$218.35 ","Lenovo T570 Docking Station + Mouse and Keyboard Combo",
GR,D50065,Amazon.com,Eugene,7/20/2018,Miscellaneous,"$45.99 ","iPad 9.7"" Case",
GR,D50066,Amazon.com,"17-0712 14th & Glisan",7/20/2018,"Mobile Accessories","$45.99 ","iPad 9.7"" Case",
SR,D50067,SHI,Corporate-IT,7/23/2018,"Software Subscription","$2,040.30 ","5x Bluebeam Revu x64 Standard Perpetual License, 5x Bluebeam Revu x64 Standard Maintenance, 5x Bluebeam Revu x64 Standard Enterprise Licensing Prorated Subscription",
SR,D50068,SHI,"Portland-Tyler Branson",7/23/2018,"Computer (Laptop, Desktop or Tablet)","$2,526.45 ","2x Lenovo ThinkPad Workstation Dock, 1x Lenovo ThinkPad P51, x1 Lenovo ePac On-Site Repair Extended Service Agreement",
SH,D50069,Amazon.com,"Sumner corp 18-0758",7/23/2018,Misc,"$118.80 ","Wall mount rack for IT equipment",
SH,D50070,Amazon.com,Corporate,7/24/2018,Misc,"$11.99 ","iPhone case for Steve Lichtenberg",
SH,D50071,Allstream,"Reno Corp Office",6/15/2018,Misc,"$695.73 ","(2) Mitel 5330e desk phones for Reno expansion",
SR,D50072,Amazon.com,Corporate,7/24/2018,Miscellaneous,"$24.99 ","1x Logitech Wireless Trackball M570 Mouse",
SR,D50073,Amazon.com,Corporate-IT,7/24/2018,Miscellaneous,"$85.71 ","3x Otterbox Defender Case for Motorola Z2 Force",
SR,D50074,Amazon.com,Corporate,7/24/2018,Miscellaneous,"$208.95 ","1x Lenovo ThinkPad Workstation Dock",
SR,D50075,SHI,"Eugene-Gabriel Throne",7/24/2018,"Computer (Laptop, Desktop or Tablet)","$2,526.46 ","2x Lenovo ThinkPad Workstation Dock, 1x Lenovo ThinkPad P51, x1 Lenovo ePac On-Site Repair Extended Service Agreement",
SR,D50076,SHI,"17-0544 SeaTac International Arrivals Facility-Seth Kajfasz",7/24/2018,"Computer (Laptop, Desktop or Tablet)","$2,548.75 ","2x Lenovo ThinkPad Ultra Docking Station, 1x Lenovo ThinkPad T480s, 1x Lenovo ePac On-Site Repair Extended Service Agreement",
SR,D50077,SHI,"Portland-Sam Jones",7/24/2018,"Computer (Laptop, Desktop or Tablet)","$2,548.75 ","2x Lenovo ThinkPad Ultra Docking Station, 1x Lenovo ThinkPad T480s, 1x Lenovo ePac On-Site Repair Extended Service Agreement",
GR,D50078,Amazon.com,Corp,7/24/2018,Miscellaneous,"$79.60 ","Surge Protectors",
GR,D50079,Amazon.com,"17-0265 Block 20",7/24/2018,Miscellaneous,"$119.95 ","Surface Pro 3 Case & USB to Display Adpater - Jason Deru",
GR,D50080,Amazon.com,"17-0712 14th & Glisan, 18-0986 TLK1 Phase 2 & Phase 3
",7/24/2018,Miscellaneous,"$59.98 ","Bag packs - Chris Warren and Steven Gibbons",
SR,D50081,Amazon.com,Corporate-IT,7/25/2018,Miscellaneous,"$11.99 ","1x amFilm Samsung Galaxy S9 Tempered Glass Screen Protector",
SR,D50082,Amazon.com,Corporate-IT,7/25/2018,Miscellaneous,"$47.95 ","1x Lenovo ThinkPad T530 15.6"" LCD Screen",
SR,D50083,Amazon.com,Reno,7/25/2018,Miscellaneous,"$18.67 ","1x Spigen Rugged Armor Samsung Galaxy S8 Case, 1x IQ Shield Samsung Galaxy S8 Screen Protector",
GR,D50084,Twillio,Corp,7/28/2018,Miscellaneous,"$1.00 ","Twillio charge for phone number for Alert System",
GR,D50085,"Apple Volume Purchase","17-0712 14th & Glisan ",7/27/2018,Licenses,"$9.99 ","Blue Beam Revu License for iPads",
GR,D50086,Amazon.com,"Vadata PDX-61, Spokane",7/27/2018,Miscellaneous,"$57.14 ","2 Otterbox Cases for Moto Z2",
GR,D50087,Amazon.com,Corp,7/27/2018,Miscellaneous,"$85.71 ","3 Otterbox Cases for Moto Z",
GR,D50088,Amazon.com,"Eugene Office",7/30/2018,Miscellaneous,"$68.52 ","Iphone lightning jack, Otterbox Case Iphone 8, Iphone headphones",
SR,D50089,SHI,"17-0712 14th & Glisan",7/30/2018,"Computer (Laptop, Desktop or Tablet)","$2,078.17 ","1x Lenovo ThinkPad T580, 1x Lenovo ThinkPad Ultra Docking Station, 1x Lenovo ePac On-Site Repair Extended Service Agreement",
GR,D50090,Amazon.com,Portland,7/30/2018,Miscellaneous,"$61.95 ","S6 Case (John Beebe) + Pluggable USB Display Adapter (Meagan Anderson)",
GR,D50091,Amazon.com,"17-0712 14th & Glisan",7/31/2018,Miscellaneous,"$28.57 ","Otterbox Case for Moto z2",
TS,D50092,Devolutions,Corp-Tysen,7/31/2018,software,"$74.99 ","software maintenenace renewal",
SH,D50093,Amazon.com,"18-0728 Sumner Remodel",7/31/2018,Miscellaneous,"$135.03 ","Surge protectors for end user workstations",
SH,D50094,Amazon.com,"Las Vegas Branch office",08/01/2018,Miscellaneous,"$1,380.48 ","Synology RS8181rp+ and Ram",
SH,D50095,"New Egg","Split Sumner Remodel and LV Branch office",08/01/2018,Hardware,"$2,524.96 ","SSD HDD for Synology",
GR,D50096,Amazon.com,Corp,08/02/2018,Miscellaneous,"$31.49 ","Wrist pillow, iPhone screen protector, calculator batteries",
GR,D50097,Amazon.com,Corp/Portland/NM,08/02/2018,"Mobile Accessories","$279.75 ","Otterbox Case for ipad (x5) + Utility Latch (x5)",
SR,D50098,Amazon.com,"New Mexico-Office / Estimating",08/02/2018,"Computer (Laptop, Desktop or Tablet)","$2,526.46 ","2x Lenovo ThinkPad Workstation Dock, 1x Lenovo ThinkPad P51, x1 Lenovo ePac On-Site Repair Extended Service Agreement",
SR,D50099,Amazon.com,"New Mexico-Office / Estimating",08/02/2018,Miscellaneous,"$325.98 ","2x ASUS VE278H 27"" LCD Monitors",
GR,D50100,Amazon.com,"Corp, Spokane, Eugene",08/02/2018,Miscellaneous,"$103.46 ","Otterbox Cases for Moto Z (x3) + Dual Monitor Mount",
SR,D50101,Amazon.com,Portland,08/02/2018,Miscellaneous,"$219.44 ","1x Lenovo ThinkPad Ultra Docking Station",
SR,D50102,Amazon.com,Corporate-IT,08/03/2018,Miscellaneous,"$327.73 ","5x Logitech M510 Wireless Mouse, 3x Samsung 860 EVO 250GB 2.5"" SATA III Internal SSD",
SR,D50103,Amazon.com,Seattle,08/03/2018,Miscellaneous,"$351.43 ","2x ASUS VE278H 27"" LCD Monitors, 1x AmazonBasics Backpack",
GR,D50104,Amazon.com,Seattle,08/03/2018,"Mobile Accessories","$24.93 ","Otterbox Case for Moto z2",
SR,D50105,Amazon.com,Portland,08/03/2018,Miscellaneous,"$74.38 ","1x Logitech MX Master 2S Wireless Mouse",
SH,D50106,Verizon,Portland/Sumner,08/06/2018,Misc,"$390.40 ","Device payment plan payoff split 50% to Sumner and 50% to Portland",
SH,D50107,Verizon,Portland,08/06/2018,Misc,"$446.04 ","Device payment plan payoff ",
SH,D50108,Amazon.com,Corp,08/06/2018,Misc,"$50.37 ","Headphones for App stations and server rack tool",
GR,D50109,Amazon.com,Corp,08/06/2018,"Mobile Accessories","$98.91 ","Typce C Charging Cables, Lightning Charging Cables. Power Bricks",
SR,D50110,SHI,"Seattle-Seth Olsen",08/07/2018,"Computer (Laptop, Desktop or Tablet)","$2,526.46 ","2x Lenovo ThinkPad Workstation Dock, 1x Lenovo ThinkPad P51, x1 Lenovo On-Site Repair Extended Service Agreement",
SR,D50111,Amazon.com,Eugene,08/07/2018,Miscellaneous,"$160.72 ","1x ASUS VE278H 27"" LCD Monitor",
GR,D50112,Amazon.com,Portland,08/08/2018,Bags,"$29.99 ","Bagpack - Tyler Branson",
SR,D50113,Amazon.com,Reno,08/08/2018,Miscellaneous,"$26.65 ","1x Spigen Rugged Armor Samsung Galaxy S8 Case, 1x IQ Shield Samsung Galaxy S8 Screen Protector",
GR,D50114,Amazon.com,"New Mexico-Office / Estimating",08/09/2018,"Mobile Accessories","$24.95 ","Otterbox Case for Moto z2",
GR,D50115,Amazon.com,Corp,08/09/2018,"Mobile Accessories","$8.99 ","Screen Protector for Galaxy S7",
SR,D50116,Amazon.com,Reno,08/10/2018,Miscellaneous,"$174.00 ","1x ASUS VE278H 27"" LCD Monitor",
SR,D50117,SHI,"18-0910-VADATA PDX 58 WMW-Josh Mott, Tim Mennealy",8/13/2018,"Computer (Laptop, Desktop or Tablet)","$4,869.53 ","2x Lenovo ThinkPad T480s, 3x Lenovo ThinkPad Ultra Docking Station, 1x Lenovo ePac On-Site Repair Extended Service Agreement",
MM,D50118,Amazon.com,Corp,8/13/2018,misc,"$13.99 ","Spigen S9 cell case",
SH,D50119,Amazon.com,"18-0728 Sumner Remodel",8/14/2018,Misc,,"Wireless keyboard/mouse combo",
GR,D50120,Amazon.com,"Eugene, 17-0609 phase code 1-87, 18-0794, 17-0609, SPO, 18-0999",8/14/2018,Misc,"$166.69 ","5x Moto Z2 Force Otterbox Cases + 2x Surge Protectors",
GR,D50121,Amazon.com,Eugene,8/14/2018,Misc,"$54.95 ","USB Pluggable Display Adapter",
TS,D50122,"Hardrives Direct",Corp,6/29/2018,Hardware,"$370.90 ","Replacement harddrive for Veeam SAN",
GR,D50123,Amazon,"14th & Glisan 17-0712",8/14/2018,"Mobile Accessories","$30.62 ","Moto Mods Bumper Case + Screen Protector",
GR,D50124,Amazon.com,"Sumner, 17-0451",8/14/2018,"Mobile Accessories","$211.69 ","1x Otterbox Case Galaxy S9 Plus + 2x Otterbox Case Moto Z2 Force + 1x Zagg iPad keyboard + 2x Zagg Screen Protector",
SR,D50125,SHI,"17-0451-Facebook Project Antelope - Building 5.2-Adam Adams",8/14/2018,"Computer (Laptop, Desktop or Tablet)","$2,078.17 ","1x Lenovo ThinkPad T580, 1x Lenovo ThinkPad Ultra Docking Station, 1x Lenovo ePac On-Site Repair Extended Service Agreement",
TS,D50126,Amazon.com,"Corp, PDX",8/15/2018,miscellaneous,"$239.98 ","Keyboards and bluetooth headsets for stock. Coffee for IT",
GR,D50127,Amazon.com,"17-0429 phase 06-66",8/15/2018,Misc,"$114.94 ","Printer and Display Adapter",
GR,D50128,Amazon.com,Corp,8/16/2018,Ink,"$68.03 ","Brother 6930 Color Ink",
GR,D50129,Amazon.com,Portland,8/16/2018,Ink,"$68.03 ","Brother 6930 Color Ink",
GR,D50130,Amazon.com,"Corp, portland",8/16/2018,Ink,"$91.94 ","Brother 6930 Black Ink",
GR,D50131,Amazon.com,17-0455,8/16/2018,"Hard drive  ","$99.95 ","2.5"" SSD",
SR,D50132,Amazon.com,Seattle,8/17/2018,Miscellaneous,"$190.71 ","1x ASUS VE278H 27"" LCD Monitor, 1x AmazonBasics Backpack",
GR,D50133,Amazon.com,"New Mexico 17-0451",8/17/2018,Misc,"$50.44 ","2x Zagg Screen Protectors",
SR,D50134,SHI,Seattle,8/17/2018,Software,"$412.53 ","1x Bluebeam Revu Standard License",
SR,D50135,SHI,"Seattle-Mike Elmore",8/17/2018,"Computer (Laptop, Desktop or Tablet)","$2,265.50 ","1x Lenovo ThinkPad Workstation Dock, 1x Lenovo ThinkPad P51, x1 Lenovo On-Site Repair Extended Service Agreement",
SR,D50136,Amazon.com,Seattle,8/20/2018,Miscellaneous,"$403.07 ","2x ASUS VE278H 27"" LCD Monitor, 1x Logitech MK270 Wireless Keyboard and Mouse Combo, 1x AmazonBasics Backpack",
SR,S50137,SHI,"17-0501 The Collective on 4th",8/22/2018,Software,"$412.53 ","1x Bluebeam Revu Standard License",
GR,D50138,Amazon.com,Corp,8/23/2018,Misc,"$139.87 ","Printer toner (Candy) + Compressed Air",
GR,D50139,Amazon.com,"Reno Office",8/23/2018,"Monitors, Projector & LCD","$325.98 ","27"" Asus Monitor (x2)",
SR,D50140,SHI,"Seattle-Eric Freund",8/24/2018,"Computer (Laptop, Desktop or Tablet)","$2,411.61 ","1x Lenovo ThinkPad Workstation Dock, 1x Lenovo ThinkPad P50, x1 Lenovo On-Site Repair Extended Service Agreement",
SR,D50141,Amazon.com,Seattle,8/24/2018,Miscellaneous,"$325.98 ","2x ASUS VE278H 27"" LCD Monitor",
SH,D50142,Allstream,"18-0758 Sumner remodel",8/24/2018,Hardware,"$1,963.47 ","IP phones and licenses",
SH,D50143,Allstream,"Las Vegas Branch office",8/27/2018,Miscellaneous,,"IP phones and licenses",
SH,D50144,Amazon.com,17-0501,8/27/2018,Miscellaneous,"$421.36 ","Hardware for Alex Sandoval at The Collective",
TS,D50145,ZohoCorp,Corp,8/27/2018,software,"$1,195.00 ","Subsrciption renewal for ADAudit Plus software",
SH,D50146,Amazon.com,"18-0875 cost code 01-87",8/28/2018,Misc,"$536.48 ","Dock and 55"" display for John",
SR,D50147,SHI,Seattle,8/28/2018,Software,"$412.59 ","1x Bluebeam Revu Standard License",
SR,D50148,Amazon.com,"18-0828 Facebook Upstream - PRN5",8/29/2018,Miscellaneous,"$54.95 ","1x Plugable USB 3.0 Dual-Head Graphics and Gigabit Ethernet Adapter",
GR,D50149,Amazon.com,"Corp, 17-0027",8/30/2018,"Mobile Accessories","$80.97 ","(x3) Moto Z2 Force Case ",
GR,D50150,Amazon.com,"Corp, New Mexico Office",09/04/2018,"Hard drive","$99.98 ","(x2) 240GB SSD",
GR,D50151,Amazon.com,"SEA Office",09/04/2018,"Mobile Accessories","$37.21 ","Galaxy S9 Otterbox Case + Tempered Glass Screen Protector",
GR,D50152,"Apple Volume Purchase",17-0680,09/04/2018,"App Licensing","$9.99 ","Blue Beam Revu License for iPads",
GR,D50153,Amazon.com," Atami 17-0730",09/05/2018,Misc,"$34.54 ","Dual Monitor Stand",
GR,D50154,Amazon.com,"140th Columbia",09/05/2018,"Keyboard and Mouse","$48.36 ","Wireless Keyboard + Mouse",
GR,D50155,Amazon.com,"SEA Office",09/05/2018,Batteries,"$161.60 ","Lenovo T530 Batteries",
GR,D50156,Amazon.com,"SEA Office",09/05/2018,"Mobile Accessories","$25.80 ","iPhone X Otterbox",
GR,D50157,Amazon.com,"Satelite hills, 140th Columbia",09/05/2018,"Mobile Accessories","$53.98 ","(2x) Otterbox Case for Moto Z2 Force (RETURNED)",
GR,D50158,Amazon.com,"18-0828, 18-0781",09/10/2018,"Mobile Accessories","$73.98 ","(2x) Otterbox Case",
SR,D50159,SHI,"17-0341 Facebook VLL 1, 17-0451 Facebook VLL 2, 17-0453 Facebook VLL 1 Admin, 18-0794 Facebook PRN 6, 18-0828 Facebook PRN 5, 18-0866 Facebook PRN 5 Admin",09/10/2018,Software,"$1,994.47 ","1x AutoDesk Navisworks Manage 2019 License",
SR,D50160,Vmware,Corporate-IT,09/10/2018,Software,"$249.99 ","1x Vmware Workstation 14 Pro for Linux and Windows, ESD",
GR,D50161,Amazon.com,"18-0896, 17-0501",9/13/2018,"Mobile Accessories","$15.96 ","(2x) Phone Case",
GR,D50162,Amazon.com,"17-0555 , Corp",9/13/2018,"Mobile Accessories","$30.87 ","(3x) Phone Case",
GR,D50163,Amazon.com,Corp,9/13/2018,"Monitors, Projector & LCD","$183.99 ","Portable monitor for Brian Mcmuldren",
GR,D50164,"Apple Volume Purchase","The Collective on 4th 17-0501",9/13/2018,"App Licensing","$9.99 ","Blue Beam Revu License for iPads",
TS,D50165,Amazon.com,Corp,9/14/2018,misc,"$116.02 ","Coffee for IT office, Samsung chargers for stock",
SR,D50166,SHI,"17-0717 WorldMark Stucco/WRB-Cameron Jordan",9/14/2018,"Computer (Laptop, Desktop or Tablet)","$1,481.31 ","1x Lenovo ThinkPad T580",
GR,D50167,Amazon.com,Corp,9/14/2018,"Mobile Accessories","$80.55 ","(9x) Moto Z3 Case  (Returned x6)",
GR,D50168,Amazon.com,"Corp, The Collective, 17-0455 MCHDHQ, Nike, 17-0627, 17-0429",9/14/2018,"Mobile Accessories","$79.90 ","(10x) Moto Z3 Screen Protectors",
DG,D50169,"Cloud DNS",Corp,8/29/2018,Network,"$494.45 ","GeoDNS and DNS failover",
GR,D50170,Amazon.com,"The Collective",9/14/2018,Misc,"$200.29 ","Surface Pro 3 Docking Station, Pluggable USB Adapter, Keyboard & Mouse Set",
GR,D50171,Amazon.com,Portland,9/14/2018,"Mobile Accessories","$6.79 ","Temperped glass screen protectors",
DG,D50172,Amazon.com,Corp,9/17/2018,"Monitors  ","$364.60 ","2 x Sceptre monitors",
GR,D50173,Amazon.com,SEA,9/17/2018,"Computer (Laptop, Desktop or Tablet)","$199.99 ","Applications Computer",
TS,D50174,SHI,18-1048,9/18/2018,"Computer (Laptop, Desktop or Tablet)","$2,265.55 ","Surface Pro with warranty and accessories for McKenzie Boehm",
GR,D50175,Amazon.xom,"The Collective on 4th 17-0501",9/19/2018,"Mobile Accessories","$42.98 ","iPad Otterbox Case",
GR,D50176,Amazon.com,"Las Vegas Branch office, Corp",9/19/2018,"Mobile Accessories","$33.90 ","(2x) Moto Z3 Case (RETURNED)",
GR,D50177,Amazon.com,Corp,9/19/2018,"Mobile Accessories","$62.93 ","Moto Z3 Cases (RETURNED)",
GR,D50178,Amazon.com,"Corp, Portland",9/19/2018,"Mobile Accessories","$97.91 ","Mobile Chargers - Apple, Micro USB, Type-C along with charging bricks",
SR,D50179,SHI,"18-0975 VADATA PDX 63-Allen Pray",9/19/2018,"Computer (Laptop, Desktop or Tablet)","$2,318.58 ","1x Lenovo ThinkPad T480s, 1x Lenovo ThinkPad Ultra Docking Station, 1x Lenovo ePac On-Site Repair Extended Service Agreement",
SR,D50180,SHI,"18-1004 Antelope 5.3-Andrea Aragon",9/19/2018,"Computer (Laptop, Desktop or Tablet)","$1,715.65 ","1x Lenovo ThinkPad T580, 1x Lenovo ThinkPad Ultra Docking Station, 1x Lenovo ePac On-Site Repair Extended Service Agreement",
SH,D50181,Amazon.com,"Las Vegas Office",9/20/2018,hardware,"$199.99 ","Azulle application station computer for Vegas",
GR,D50182,Amazon.com,"Las Vegas Office, 17-0501, Corp, 17-0545, 18-1004",9/20/2018,Misc,"$338.90 ","iPad Otterbox Cases + Otterbox Latches + Ethernet Cable + W540 Charger",
GR,D50183,Amazon.com,16-9599,9/20/2018,Misc,"$19.99 ","50Ft Ethernet Cable",
GR,D50184,Amazon.com,"Modera Davis, Corp, 17-0429",9/21/2018,"Computer Accessories","$744.40 ","Pluggable display adapter + 3 Asus Monitors + SSD (x2) + Bagpack",
GR,D50185,Amazon.com,"Las Vegas Branch office, Corp, The Collective, 17-0455 MCHDHQ, Nike, 17-0627, 17-0429",9/21/2018,"Mobile Accessories","$99.50 ","Moto Z3 Cases",
GR,D50186,Amazon.com,"Corp, 17-0429",9/24/2018,Misc,"$69.10 ","Keyboard & Mouse + Phone Cases",
SR,D50187,SHI,"17-0353 Isabel-James Johnson",9/24/2018,"Computer (Laptop, Desktop or Tablet)","$1,481.31 ","1x Lenovo ThinkPad T580, 1x Lenovo ePac On-Site Extended Service Agreement",
SR,D50188,Amazon.com,"SPD 05",9/24/2018,Miscellaneous,"$162.99 ","1x ASUS VE278H 27"" LCD Monitor",
GR,D50189,Amazon.com,"New Mexico Office, 18-0753",9/24/2018,Misc,"$127.49 ","Zagg Keyboard Case for ipad and Bagpack for New mexico",
SR,D50190,SHI,"Region 50 PreFab-Kim Lindman ",9/24/2018,"Computer (Laptop, Desktop or Tablet)","$1,839.37 ","1x Lenovo ThinkPad P51, 1x Lenovo ePac On-Site Extended Service Agreement, 1x Lenovo ThinkPad Workstation Dock ",
SR,D50191,Amazon.com,"18-1053 Urban Winery",9/24/2018,Miscellaneous,"$27.50 ","1x AmazonBasics Laptop Backpack",
SR,D50192,Amazon.com,"18-1067 ",9/24/2018,Miscellaneous,"$353.48 ","2x ASUS VE278H 27"" LCD Monitor, 1x AmazonBasics Laptop Backpack",
GR,D50193,Amazon.com," MWMC 16-9599, 17-0429 phase code 06-66",9/24/2018,"Computer Accessories","$421.75 ","Thinkpad Ultra Docking Station, Thinkpad Workstation Dock, Dual Monitor Mount, Single Monitor Mount",
SH,D50194,Amazon.com,"Las Vegas Office",9/25/2018,Miscellaneous,"$3,463.33 ","Hardware for Las Vegas branch office",
GR,D50195,Amazon.com,"18-1004, 18-1053",9/25/2018,"Mobile Accessories","$45.99 ","Otterbox Cases for ipads",
TS,D50196,SHI,BIM,9/26/2018," Maintenance & Support","$5,826.00 ","1yr maintenance for 5 perpetual network licenses of AutoDesk BDSP.",
GR,D50197,Amazon.com,"Corp, 18-1004, 18-1053, New Mexico Office, 17-0429 phase code 06-66",9/26/2018,Misc,"$197.86 ","Pluggable adapter, bagpack, screen protectors, Otterbox latches",
SR,D50198,SHI,"18-1053-Scott Cooper",9/27/2018,"Computer (Laptop, Desktop or Tablet)","$1,481.31 ","1x Lenovo ThinkPad T580, 1x Lenovo ThinkPad Ultra Docking Station, 1x Lenovo ePac On-Site Repair Extended Service Agreement",
SH,D50199,Amazon.com,"Sumner office remodel",9/27/2018,Hardware,"$147.08 ","Bluetooth keyboard and mouse for conf room",
GR,D50200,Amazon.com,"Eugene Office, Corp, 17-0429",9/28/2018,"Mobile Accessories","$160.63 ","Wireless Mouse for Cody Heningson, Bagpack, Otterbox cases (iPhone & S7), Moto Z3 Cases",
TS,D50201,Amazon.com,Corp-Tysen,10/01/2018,monitors,"$364.60 ","2 Scpetre 32 in monitors",
SR,D50202,Amazon.com,"18-0794-Facebook Upstream",10/02/2018,Miscellaneous,"$65.99 ","1x VIVO 84"" Portable Indoor Outdoor Projector Screen",
JM,D50203,SHI,"Las Vegas Office",10/03/2018,Network,"$8,782.71 ","Cisco Catalyst 3650 hardware, license and support.",
SR,D50204,Amazon.com,Corporate-IT,10/04/2018,Miscellaneous,"$274.90 ","5x Plantronics Explorer 50 Bluetooth Headset, 5x Logitech MK345 Wireless Combo",
SH,D50205,Amazon.com,"Upstream PRN 5/6",10/04/2018,Hardware,"$34.95 ","Power supply doe T570 (John Willhite)",
SH,D50206,SHi,"Las Vegas Office",10/04/2018,Hardware,"$1,987.16 ","Conf room computer and Yamaha Camera/Sound/Mic combo",
SH,D50207,Amazon.com,"Las Vegas Office",10/04/2018,Hardware,"$849.44 ","Misc hardware for LV office",
SH,D50208,Amazon.com,"Las Vegas Office",10/08/2018,Miscellaneous,"$23.83 ","Misc hardware for LV office",
SH,D50209,Amazon.com,"Las Vegas Office",10/08/2018,Miscellaneous,"$163.50 ","Misc hardware for LV office",
TS,D50210,Amazon.com,Corp,10/05/2018,miscellaneous,"$33.98 ","coffee for IT office",
TS,D50211,SHI,"Sumner office remodel",10/05/2018,Hardware,"$479.53 ","Watchdog 100 and sensors for equipemtn monitorin",
SR,D50212,Amazon.com,Seattle,10/05/2018,Miscellaneous,"$194.52 ","1x Lenovo ThinkPad USB-C Ultra Dock, 1x Rankie 6"" DisplayPort to HDMI Cable, 1x AmazonBasics 6"" VGA Cable",
MM,D50213,Amazon.com,Seattle,10/08/2018,AV,"$173.64 ","Wall plates, HDMI cables, Plugable adapter, active usb cables",
MM,D50214,Amazon.com,18-0758,09/05/2018,Network,"$74.72 ","(2) 20pack of 3ft patch cables",
SH,D50215,Amazon.com,"Las Vegas Office",10/08/2018,Miscellaneous,"$75.55 ","Cable management supplies",
SR,D50216,LifeProof.com,Corporate,10/08/2018,Miscellaneous,"$79.99 ","1x LifeProof NEXT Case in Black Crystal for iPhone XS Max",
SR,D50217,Amazon.com,"17-0501 The Collective on 4th",10/08/2018,Miscellaneous,"$517.47 ","3x ASUS VE278H 27"" LCD Monitor, 1x AmazonBasics Laptop Backpack",
DG,D50218,SHI,"All offices",10/09/2018,Network,"$8,902.10 ","Opengear OOB nodes with server licensing",
TS,D50219,"Hardrives Direct",Corp,9/19/2018,server,"$309.74 ","Replacement harddrives for Sonavault server",
DG,D50220,Sucuri,Corp,9/20/2018,Network,"$299.99 ","Website security / 1yr",
DG,D50221,CloudDNS,Corp,9/21/2018,Network,"$43.97 ","Domain transfers",
SR,D50222,Amazon.com,Portland,10/9/2018,Miscellaneous,"$99.99 ","1x Logitech MX Vertical Advanced Ergonomic Mouse",
MM,D50223,SonaSoft,,,,,,
SR,D50224,Amazon.com,Eugene,10/10/2018,Miscellaneous,"$31.50 ","1x AmazonBasics Laptop Backpack",
SR,D50225,Amazon.com,"17-0353 Isabel",10/10/2018,Miscellaneous,"$15.99 ","1x Otterbox Defender Case for Samsung Galaxy S7",
SR,D50226,Amazon.com,Corporate,10/10/2018,Miscellaneous,"$5.99 ","1x MoKo iPhone X Case",
TS,D50227,Amazon.com,"PDX--Shared use",10/11/2018,"Cellphone, Telecom & Accessories","$15.87 ","Google Pixel 3XL case and screen protector for Chad Figueroa",
SR,D50228,SHI,"Corporate-Judy Lane",10/11/2018,"Computer (Laptop, Desktop or Tablet)","$715.02 ","1x Lenovo ThinkCentre M710q, 1x Lenovo ePac On-Site Repair Extended Service Agreement",
SH,D50229,Amazon.com,"Las Vegas Office",10/15/2018,Miscellaneous,"$34.98 ","Antenna for MiFi",
DG,D50230,Amazon.com,Corp,10/15/2018,Network,"$294.37 ","Serial cables",
SR,D50231,SHI,"18-1067-New Las Vegas Employee",10/15/2018,"Computer (Laptop, Desktop or Tablet)","$2,318.58 ","1x Lenovo ThinkPad T480s, 1x Lenovo ThinkPad Ultra Docking Station, 1x Lenovo ePac On-Site Repair Extended Service Agreement",
SR,D50232,SHI,"18-0781-Tyler Kabe",10/15/2018,"Computer (Laptop, Desktop or Tablet)","$2,550.32 ","1x Lenovo ThinkPad T480s, 2x Lenovo ThinkPad Ultra Docking Station, 1x Lenovo ePac On-Site Repair Extended Service Agreement",
SR,D50233,SHI,"Corporate-Doug Daugherty",10/15/2018,"Computer (Laptop, Desktop or Tablet)","$2,318.58 ","1x Lenovo ThinkPad T480s, 1x Lenovo ThinkPad Ultra Docking Station, 1x Lenovo ePac On-Site Repair Extended Service Agreement",
SR,D50234,Amazon.com,18-0753,10/15/2018,Miscellaneous,"$132.79 ","1x ZAGG Rugged Book Durable Case for iPad Air 2",
SR,D50235,Amazon.com,18-1006,10/15/2018,Miscellaneous,"$15.97 ","1x Otterbox Defender Case for iPad Air 2",
SR,D50236,SHI,"Eugene-John Barnett",10/16/2018,"Computer (Laptop, Desktop or Tablet)","$1,831.82 ","1x Lenovo ThinkPad T580, 1x Lenovo ThinkPad Ultra Docking Station, 1x Lenovo ePac On-Site Repair Extended Service Agreement",
SH,D50237,Amazon.com,"Las Vegas Office",10/15/2018,Miscellaneous,"$170.18 ","Cleaning supplies and phone case for Chuck Higgins",
SR,D50238,Amazon.com,"18-0828 ",10/16/2018,Miscellaneous,"$57.33 ","1x Plugable USB 3.0 Dual-Head Graphics and Gigabit Ethernet Adapter",
SR,D50239,Amazon.com,Corporate,10/16/2018,Miscellaneous,"$20.41 ","1x Otterbox Defender Case for Samsung Galaxy S8",
SR,D50240,Amazon.com,Corporate-IT,10/16/2018,Miscellaneous,"$79.90 ","10x AmazonBasics 6"" Lightning to USB A Cable",
SR,D50241,Amazon.com,Corporate-IT,10/17/2018,Miscellaneous,"$394.25 ","5x Otterbox Defender Case for iPad, 5x Otterbox Utility Series II Latch Case with Accessory Bag (10"" Tablets)",
TS,D50242,Amazon.com,"Sea, Corp",10/19/2018,Miscellaneous,"$222.99 ","docking  station for Kip, usb drives for stock",
SR,D50243,SHI,"LAS-James Macaluso",10/19/2018,"Computer (Laptop, Desktop or Tablet)","$2,342.74 ","1x Lenovo ThinkPad T480s, 1x Lenovo ThinkPad Ultra Docking Station, 1x Lenovo ePac On-Site Repair Extended Service Agreement",
SH,D50244,Amazon.com,"Las Vegas Office",10/19/2018,Miscellaneous,"$61.01 ","Conf room hardware and cabling",
GR,D50245,Amazon.com,"18-0943 OSX Level 4.",10/22/2018,"Mobile Accessories","$79.98 ","iPad Case and Strap",
GR,D50246,Amazon.com,"PDX 60 17-0539",10/22/2018,Printer,"$215.99 ","Brother 6930",
MM,D50247,"Wide Angle Software",Portland,10/15/2018,Software,"$29.95 ","Droid Transfer software for litigation support - Text messages ",
GR,D50248,Amazon.com,17-0546,10/23/2018,"Computer Accessories","$214.19 ","W540 Docking Station and Charger",
GR,D50249,Amazon.com,"Sea Office",10/23/2018,"Computer Accessories","$210.88 ","T480s Docking station",
SR,D50250,Amazon.com,Corporate-IT,10/23/2018,Miscellaneous,"$179.95 ","5x AmazonBasics Laptop Backpack",
SR,D50251,SHI,"Seattle-Bo Hubbard",10/23/2018,"Computer (Laptop, Desktop or Tablet)","$1,888.93 ","1x Lenovo ThinkPad P51, 1x Lenovo Workstation Dock, 1x Lenovo ThinkPad 3Y Extended Service Warranty",
GR,D50252,Amazon.com,Corp,10/24/2018,Misc,"$89.40 ","Compressed Air, Moto Z3 Screen Protectors, W540 Charger",
GR,D50253,Amazon.com,"Vets home 17-0600",10/24/2018,"Computer Accessories","$231.93 ","W540 Docking Station and Charger",
SH,D50254,Amazon.com,18-1099,10/24/2018,Misc,"$413.89 ","Power Supply add SSD disks for Synology NAS for Utah job site",
DG,D50255,Amazon.com,Corp,10/24/2018,Misc,"$57.20 ","USB Cables",
SR,D50256,SHI,"18-0828-Christopher Papciak",10/24/2018,"Computer (Laptop, Desktop or Tablet)","$2,680.02 ","1x Lenovo ThinkPad X1 Yoga, 1x Lenovo ThinkPad USB-C Dock, 1x StarTech USB-C to Gigabit Ethernet Adapter, 1x On-Site ADP KYD Sealed Battery Premier Support ESA - 3Y Warranty",
TS,D50257,Amazon.com,Corp-IT,10/25/2018,miscellaneous,"$33.98 ","coffee for IT",
GR,D50258,Amazon.com,"SeaTac 17-0544, Vets home 17-0600",10/25/2018,Bags,"$72.00 ","Bagpacks - Dave Stoffer + Denys Martinez",
GR,D50259,Amazon.com,"17-0609 phase code 01-92",10/25/2018,"Mobile Accessories","$12.98 ","iPhone 8 Plus Back Screen Protector",
GR,D50260,Amazon.com,"18-0927, Corp",10/25/2018,Printer,"$280.26 ","Brother 6930 ",
SR,D50261,SHI,"Seattle-Cia Park",10/25/2018,"Computer (Laptop, Desktop or Tablet)","$2,342.74 ","1x Lenovo ThinkPad T480s, 1x Lenovo ThinkPad Ultra Docking Station, 1x Lenovo ePac On-Site Repair Extended Service Agreement",
SR,D50262,Monoprice.com,"Las Vegas",10/25/2018,Miscellaneous,"$599.98 ","2x Monoprice MP 32"" QHD Monitor",
SR,D50263,SHI,"17-0544-Denys Martinez",10/25/2018,"Computer (Laptop, Desktop or Tablet)","$1,831.82 ","1x Lenovo ThinkPad T580, 1x Lenovo ThinkPad Ultra Docking Station, 1x Lenovo ePac On-Site Repair Extended Service Agreement",
SR,D50264,Amazon.com,Corporate-IT,10/25/2018,Miscellaneous,"$458.62 ","5x AmazonBasics 6' DisplayPort to HDMI Cable, 5x AmazonBasics 6' HDMI Cable, 5x AmazonBasics 6' DisplayPort Cable, 5x AmazonBasics 6-Outlet Surge Protector 2-Pack, 5x Logitech MK345 Wireless Combo, 5x Logitech M510 Wireless Mouse, 3x Bryson Screen Cleaner Kit",
TS,D50265,Solarwinds,"Corporate - IT",10/29/2018,software,"$495.00 ","6 Solarwinds Remote support license conversions",
GR,D50266,Amazon.com,"17- 0545 , Corp",10/29/2018,"Mobile Accessories","$198.65 ","iPad Otterbox Case, S7 & S6 Otterbox Cases",
SR,D50267,SHI,"18-1110-Glenda Swinney",10/29/2018,"Computer (Laptop, Desktop or Tablet)","$1,831.82 ","1x Lenovo ThinkPad T580, 1x Lenovo ThinkPad Ultra Docking Station, 1x Lenovo ePac On-Site Repair Extended Service Agreement",
GR,D50268,Amazon.com,"The Dalles project, TLK1-Z2 #18-0986",10/31/2018,"Computer Accessories","$245.02 ","Lenovo Ultra Dockings Station + 240GB SSD",
GR,D50269,Amazon.com,Corp,10/31/2018,"Mobile Accessories","$19.49 ","S8+ Case for Rich Elliot",
SR,D50270,Amazon.com,18-1048,10/31/2018,Miscellaneous,"$325.98 ","2x ASUS VE278H 27"" LCD Monitor",
GR,D50271,Amazon.com,Portland,11/01/2018,"Computer Accessories","$312.41 ","240GB SSD, Wireless Mouse, Workstation Dock, Logitech mouse and keyboard combo",
SR,D50272,Amazon.com,18-1110,11/01/2018,Miscellaneous,"$342.68 ","2x ASUS VE278H 27"" LCD Monitor",
SR,D50273,SHI,"Portland-Mike Fowler",11/01/2018,"Computer (Laptop, Desktop or Tablet)","$1,888.93 ","1x Lenovo ThinkPad P51, 1x Lenovo Workstation Dock, 1x Lenovo ThinkPad 3Y Extended Service Warranty",
GR,D50274,Amazon.com,"TLK1-Z2 #18-0986",11/02/2018,"Computer Accessories","$52.45 ","Bag pack, Mouse and Keyboard Combo",
GR,D50275,Amazon.com,Portland,11/02/2018,Misc,"$65.00 ","Bag pack (2)",
SR,D50276,SHI,"Portland-Jason Salisbury",11/02/2018,"Computer (Laptop, Desktop or Tablet)","$1,888.93 ","1x Lenovo ThinkPad P51, 1x Lenovo Workstation Dock, 1x Lenovo ThinkPad 3Y Extended Service Warranty",
SR,D50277,SHI,"Portland-Carlos Meza",11/02/2018,"Computer (Laptop, Desktop or Tablet)","$2,622.72 ","1x Lenovo ThinkPad Yoga X1, 1x Lenovo ThinkPad USB-C Dock, 1x StarTech USB-C to Gigabit Ethernet Adapter, Lenovo On-Site ADP + KYD + Sealed Battery Extended Service Agreement",
SR,D50278,Amazon.com,18-1048,11/02/2018,Miscellaneous,"$139.94 ","1x Lenovo ThinkPad 90W Ultra Dock",
GR,D50279,Amazon.com,Corp,11/05/2018,Misc,"$208.95 ","Brother L6200DW Printer + Monitor Screws",
GR,D50280,Amazon.com,"OSU Magruder Hall job #18-1050",11/05/2018,Misc,"$1,090.66 ","Asus 27"" Monitor (6) + Surge Protector (4) + iPad charger pack + 50ft Ethernet cable (2) + HDMI cable pack",
GR,D50281,Amazon.com,"OSU Magruder Hall job #18-1050",11/05/2018,"Mobile Accessories","$14.95 ","USB wall bricks",
DG,D50282,Godaddy.com,Corp,11/05/2018,Network,"$136.53 ","9 Year domain registration wpibuilds.com",
GR,D50283,Amazon.com,Portland,11/05/2018,Monitors,"$325.98 ","Asus 27"" Monitor (2)",
TS,D50284,Amazon.com,Corp,11/06/2018,server,"$5,014.39 ","Synology RS2418RP+, 12 WD Gold Enterprise 6TB disk (wd6002fryz)",
TS,D50285,SHI,Corp,11/06/2018,Software,"$41,900.00 ","200 RDS User CALS 2016 with software Assurance. Paid over 3 years",
TS,D50286,SHI,18-1004,11/07/2018,"Computer (Laptop, Desktop or Tablet)","$2,907.05 ","P52 laptop with 2 docking stations and warranty for Nick Tollefson",
GR,D50287,Amazon.com,"The Collective on 4th 17-0501",11/06/2018,"Computer Accessories","$223.00 ","Logitech mouse & keyboard (2) + 135W Power Adapter + Asus 27"" Monitor",
GR,D50288,Amazon.com,"PRN 5",11/06/2018,"Computer Accessories","$45.50 ","Logitech mouse & keyboard + 135W Power Adapter",
GR,D50289,Amazon.com,Corp,11/06/2018,Misc,"$200.98 ","Cable Management, Cleaner spray, SSD (2)",
GR,D50290,Amazon.com,Corp,11/05/2018,"Mobile Accessories","$64.45 ","Moto Z3 Case (5)",
SR,D50291,Amazon.com,Reno,11/06/2018,Miscellaneous,"$35.19 ","1x AmazonBasics Laptop Backpack",
SH,D50292,"Copiers NW","Las Vegas Office",10/05/2018,Copier,"$9,690.27 ","Canon Copier for Las Vegas Office",
SR,D50293,SHI,"17-0501-Dan Rockway",11/07/2018,"Computer (Laptop, Desktop or Tablet)","$2,109.90 ","1x Lenovo ThinkPad T580, 2x Lenovo ThinkPad Ultra Docking Station, 1x Lenovo ePac On-Site Repair Extended Service Agreement",
GR,D50294,Amazon.com,Corp,11/08/2018,Printer,"$199.98 ","Brother L6200DW Printer for Candy",
SH,D50295,Amazon.com,18-1050,11/08/2018,Miscellaneous,"$434.57 ","Conference room LCD and mount for OSU Magruder Hall",
SH,D50296,Amazon.com,"New Mexico Office",11/08/2018,Miscellaneous,"$1,489.04 ","Misc hardware for New Mexico temp office location",
MM,D50297,"On Center Software","Fixed Asset - Seattle",,,,,
GR,D50298,Amazon.com,Portland,11/09/2018,"Mobile Accessories","$39.95 ","iPhone X Otterbox Commuter Case",
GR,D50299,Amazon.com,"TLK Phase 2",11/09/2018,"Mobile Accessories","$65.94 ","Google Pixel 3 XL case and magnet",
GR,D50300,Amazon.com,Corp,11/09/2018,"Printer Accessories","$53.99 ","Brother 7360N Toner",
GR,D50301,Amazon.com,17-0429,11/10/2018,Monitors,"$488.97 ","3 Monitors for Carlos Meza",
TS,D50302,Amazon.com,17-0731,11/09/2018,miscellaneous,"$832.08 ","screen material for a job. Warehouse needed assistance processing the order",
TS,D50303,Amazon.com,Corp,11/09/2018,server,"$100.69 ","Synology server rack rails",
GR,D50304,Amazon.com,"Tigard Warehouse",11/12/2018,Misc,"$25.98 ","POE Injector",
MM,D50305,"On Center Software","Fixed Asset - Reno",,,,,
GR,D50306,Amazon.com,Corp,11/12/2018,Misc,"$271.98 ","Brother scanner + usb hub for Angela",
TS,D50307,Amazon.com,PDX,11/13/2018,misc,"$233.14 ","Web Cams for stock and coffee for IT",
DG,D50308,Amazon.com,Corp,11/13/2018,Network,"$159.00 ","PTP wireless",
TS,D50309,"MyCommerce Inc. ",17-0265,10/16/2018,software,"$34.95 ","text message transfer software to pc",
GR,D50310,Amazon.com,"Corp, Seattle, Portland",11/14/2018,"Mobile Accessories","$87.95 ","Lightning cable pack (3) + USB Wall brick pack (2)",
GR,D50311,Amazon.com,"Seattle, Portland",11/14/2018,"Mobile Accessories","$54.16 ","Wirless Mouse & Keyboard + Mobile screen protectors",
SR,D50312,SHI,"18-1065-Tyler Robertson",11/15/2018,"Computer (Laptop, Desktop or Tablet)","$2,622.72 ","1x Lenovo ThinkPad Yoga X1, 1x Lenovo ThinkPad USB-C Dock, 1x StarTech USB-C to Gigabit Ethernet Adapter, Lenovo On-Site ADP + KYD + Sealed Battery Extended Service Agreement",
TS,D50313,SmartDeploy,"Corp - Software maintenance",11/15/2018,software,"$3,000.00 ","Renewal for 350 licenses and add of 50 licenses",
TS,D50314,SHI,"Corp - Software maintenance",11/15/2018,software,"$2,341.44 ","Veeam support renewal 1yr",
SH,D50315,Amazon.com,"18-1099 - Utah EAG",11/16/2018,Miscellaneous,,"Misc hardware for new Utah jobsite",
SH,D50316,Amazon.com," Corp",1/9/2019,Misc,"$98.96 "," Sumatra Coffee, Medium Roast Coffee, Bluetooth headset 2-pack, Bluetooth headset",
GR,D50317,Amazon.com,18-1048,11/16/2018,Monitors,"$258.04 ","(2) 27"" Monitor - Sean Lindh",
GR,D50318,Amazon.com,18-1121,11/16/2018,Monitors,"$288.03 ","(2) 27"" Monitor + Desk mount - Gabriel Throne",
GR,D50319,Amazon.com,"17-0430 phase 17-01",11/16/2018,"Mobile Accessories","$29.99 ","Bluetooth ear piece",
SH,D50320,Amazon.com,"Las Vegas office",11/16/2018,hardware,"$323.84 ","Misc hardware for Las Vegas Office",
SR,D50321,Amazon.com,18-0794,11/16/2018,Miscellaneous,"$125.00 ","1x ZAGG Rugged Book Durable Case for iPad Air 2",
GR,D50322,Amazon.com," 18-0986",11/26/2018,Monitors,"$339.98 "," 27"" Monitor ",
GR,D50323,Amazon.com,Corp,11/19/2018,"Mobile Accessories","$49.99 ","Samsung wirless charger",
TS,D50324,SHI,"New Mexico Office",11/19/2018,server,"$2,541.61 ","Synology RS818RP+, 4 SSD, 4gb ram for New Mexico office",
SH,D50325,SHI,"New Mexico Office",11/20/2018,Software,"$304.00 ","Bluebeam Extreme for Alan Chavez an Transito Rael",
SR,D50326,SHI,"17-0501-Jeremiah Carlson",11/20/2018,"Computer (Laptop, Desktop or Tablet)","$2,622.72 ","1x Lenovo ThinkPad Yoga X1, 1x Lenovo ThinkPad USB-C Dock, 1x StarTech USB-C to Gigabit Ethernet Adapter, Lenovo On-Site ADP + KYD + Sealed Battery Extended Service Agreement",
SR,D50327,SHI,"18-1099-Kersandra Puderbaugh",11/20/2018,"Computer (Laptop, Desktop or Tablet)","$1,854.99 ","1x Lenovo ThinkPad T580, 1x Lenovo ThinkPad Ultra Docking Station, 1x Lenovo ePac On-Site Repair Extended Service Agreement",
GR,D50328,Amazon.com," 18-0753",11/26/2018,Misc,"$29.99 "," Dual Monitor Stand",
SR,D50329,SHI,"Eugene-Tom Allen",11/26/2018,"Computer (Laptop, Desktop or Tablet)","$1,854.99 ","1x Lenovo ThinkPad T580, 1x Lenovo ThinkPad Ultra Docking Station, 1x Lenovo ePac On-Site Repair Extended Service Agreement",
GR,D50330,Apple,"  Newberg MRI replacement 18-1141",11/29/2018,Licensing,"$9.99 "," Bluebeam Revu License",
GR,D50331,Amazon.com," Corp",11/30/2018,Misc,"$352.97 "," USB Hub, Brother L6200",
GR,D50332,Amazon.com," Corp",12/03/2018,"Mobile Accessories","$36.96 "," Galaxy S9 Plus Case, Galaxy S9 Plus Screen Protector, Shipping",
GR,D50333,Amazon.com," The Collective on 4th 17-0501, Corp, UTA 18-1099",12/04/2018,Misc,"$557.85 "," Go Pro Hero 7, Go Pro Head strap, Go Pro Protective housing, Samsung Micro SD Card 128GB, Go pro Case, Moto Z3 Case, Moto Z3 Glass Screen protector, Moto Z3 Case, Moto Z3 Glass Screen protector, iPad 9.7"" Otterbox",
GR,D50334<b>(RETURNED)</b>,Amazon.com," New Mexico Office, Corp",12/04/2018,"Mobile Accessories","$199.94 "," iPad Cases, iPad Cases",
GR,D50335,Apple," New Mexico Office",12/05/2018,"Software License","$39.96 "," Blue Beam Revu",
SH,D50336,Amazon.com," 17-0501",12/05/2018,"Misc Hardware","$318.01 "," Belkin Surge Protectors, Printer Cable 25', Verizon Jetpack Antenna, Brother MFC-J6930dw, Shipping",
SH,D50337,Amazon.com," New Mexico Office, ",12/05/2018,"Misc. Hardware","$745.07 "," Belkin surge protector, 6U wall mount rack, CAT6 5' cables, CAT6 3"" cables, Rack mount shelf, Tie mounts, Zip ties, Firewall rack mount kit, drywall anchors, velcro ties, velcro tape, Sales tax, APC UPS, Sales tax, ",
jm,D50338,SHI," HQ",12/05/2018,Network,"$4,121.34 "," Cisco Catalyst switch group support",
SR,D50339,SHI," 18-1067",12/06/2018,"Computer Hardware","$1,854.99 "," Lenovo ThinkPad T580, Lenovo ThinkPad Ultra Docking Station, Lenovo ThinkPad T580 3 Year Warranty, Shipping",
GR,D50340,Amazon.com," The Collective on 4th 17-0501",12/06/2018,Misc,"$12.95 "," Go Pro Grip",
SR,D50341,Amazon.com," 18-1099",12/06/2018,Miscellaneous,"$347.98 "," ASUS VE278H 27"" LCD Monitor, Sales Tax",
SR,D50342,Amazon.com," Corporate-IT",12/06/2018,Miscellaneous,"$428.91 "," Logitech MK270 Wireless Keyboard and Mouse Combo, Samsung 850 EVO 250GB 2.5 Inch SATA III Internal SSD, Plugable USB 3.0 Dual-Head Graphics and Gigabit Ethernet Adapter",
SR,D50343,SHI," Seattle",12/06/2018,Software,"$652 "," Bluebeam Revu eXtreme Perpetual License, Bluebeam Revu eXtreme Prorated Maintenance, Enterprise Licensing Prorated Subscription",
GR,D50344,Amazon.com," Portland, Corp, New Mexico Office, 18-1067",12/07/2018,"Mobile Accessories","$272.79 "," Plantronics Handset Lifter, iPad Cases, iPad Cases, iPad Case",
SR,D50345,SHI," Seattle",12/07/2018,"Computer Hardware","$2,344.33 "," Lenovo ThinkPad P52, Lenovo ThinkPad Thunderbolt 3 Workstation Dock, Lenovo ThinkPad P52 3 Year Warranty, Shipping",
GR,D50346,Amazon.com," 18-1067, Corp, 17-0734",12/10/2018,Misc,"$326.07 "," iPhone 8 Otterbox, Otterbox Latches, Brother MFCL2710DW, Printer Toner",
GR,D50347,Amazon.com," New Mexico Office, Corp",12/10/2018,"Mobiel Accessories","$89.91 "," iPad Screen protectors, iPad Screen protectors",
GR,D50348,Amazon.com," 17-0429",12/11/2018,Monitors,"$494.97 "," Asus 27"" Monitor",
SR,D50349,SHI," 17-0501",12/11/2018,"Computer Hardware","$358.19 "," Lenovo ThinkPad USB-C Dock, Shipping",
SH,D50350,Amazon.com," 17-0501",12/11/2018,"Misc. Hardware","$29.98 "," Verizon Jetpack antenna adapter, Shipping",
SR,D50351,Amazon.com," Las Vegas",12/12/2018,Miscellaneous,"$524.73 "," ASUS VA325H 32"" LCD Monitor, Logitech MK270 Wireless Keyboard and Mouse Combo, Logitech HD Pro Webcam C920, Logitech Z130 Laptop Speakers, Sales Tax",
GR,D50352,Amazon.com," Corp",12/13/2018,"Computer Accessories","$137.66 "," 240GB SSD, 120GB SSD",
GR,D50353,Amazon.com," Corp",12/14/2018,"Corp Inventory","$88.38 "," HDMI Cable 6FT, HDMI Cable 3FT, USB HUB",
SR,D50354,Amazon.com," Corporate-IT",12/17/2018,Miscellaneous,"$156 "," Samsung 860 EVO 250GB 2.5 Inch SATA III Internal SSD",
SR,D50355,SHI," Portland-Mark Bennett",12/18/2018,"Computer Hardware","$2,701.25 "," Lenovo ThinkPad T480s, Lenovo ThinkPad Ultra Docking Station, Lenovo ThinkPad T480s 3 Year Warranty, Shipping",
GR,D50356,Amazon.com," PDX",12/17/2018,Monitors,"$340 "," Sceptre 32"" Curved",
GR,D50357,Amazon.com," Portland",12/18/2018,"Computer Accessories","$154.71 "," 1TB Samsung SSD w/ Mounting Bracket",
SR,D50358,SHI," Corporate-IT",12/18/2018,"Computer Hardware","$2,446.46 "," Lenovo ThinkPad T480s, Lenovo ThinkPad Ultra Docking Station, Lenovo ThinkPad T480s 3 Year Warranty, Shipping",
SR,D50359,Amazon.com," Reno",12/18/2018,Miscellaneous,"$30.43 "," AmazonBasics One-Port USB Wall Charger , OtterBox Defender Holster Clip, AmazonBasics USB 2.0 A-Male to Micro B Cable, Sales Tax",
TS,D50360,ManageEngine," Corp, ",12/19/2018,Software,"$7,568 "," ServiceDesk 1yr subscription renewal (1000node, 15 tech), ADManager 1yr subscription renewal (1 domain, 5 tech), Discount",
GR,D50361,Amazon.com," Seattle, 17-0422, 18-1146, 17-0429 phase code 01-62",12/19/2018,"Mobile Accessories","$99.40 "," Tempered Glass Screen protector, Moto Z3 Case, Tempered Glass Screen protector, Moto Z3 Case, Tempered Glass Screen protector, Moto Z3 Case, Tempered Glass Screen protector, Moto Z3 Case",
GR,D50362,Amazon.com," Corp, Portland",12/20/2018,Misc,"$161.66 "," Surge Protectors, Extension Cable - Multi Plug, Extension Cable - Single Plug, Surge Protectors, Extension Cable - Multi Plug, Extension Cable - Single Plug",
GR,D50363,Twilio," Corp",12/20/2018,Software,"$20 "," Credit for Twilio Messaging",
SR,D50364,Amazon.com," 18-1131",12/20/2018,Miscellaneous,"$210.41 "," ZAGG Rugged Book Durable Case, Hinged with Detachable Backlit Keyboard for iPad Air, Plugable USB 3.0 Dual-Head Graphics and Gigabit Ethernet Adapter",
GR,D50365(RETURNED),Amazon.com," 18-1048",12/20/2018,"Computer Accessories","$70.85 "," Surface Pro Case, Surface Pro Stylus, Shipping",
SR,D50366,SHI," 18-1004-Carl Wade",12/20/2018,"Computer Hardware","$1,854.99 "," Lenovo ThinkPad T580, Lenovo ThinkPad Ultra Docking Station, Lenovo ThinkPad T580 3 Year Warranty, Shipping",
SH,D50367,Allstream," New Mexico Office",1/2/2019,Hardware,"$1,644.35 "," Install charges, Mitel 5330e phones, Labor cost",
GR,D50368,Test," Test",01/28/2019,Test,$10," Test",
GR,D50369,Amazon.com," Portland",12/21/2018,"Mobile Accessories","$47.48 "," iPhone X Glass Screen Protector, iPhone X Otterbox",
DG,D50370,Godaddy," Corp",12/23/2018,Network,"$266.80 "," Web hosting upgrade (5 years)",
GR,D50371,Amazon.com," Portland",12/27/2018,Misc,"$10.99 "," 2.5"" Hard Drive Enclosure",
JM,D50372,VMware," Corp",12/14/2018,Training,"$3,870 "," NSX 6.4 ICM (40 hours)",
GR,D50373,Amazon.com," Sea Office",1/2/2019,"Mobile Accessories","$44.35 "," iPhone Otterbox Case, iPhone Tempered Glass Screen Protector, Shipping",
GR,D50374,Amazon.com," 17-0513, 18-1048",1/2/2019,Accessories,"$36.96 "," S7 Otterbox Case, Surface Pro 3 Case",
GR,D50375,Amazon.com," Corp",1/3/2019,"Mobile Accessories","$49.53 "," S7 Otterbox Case",
GR,D50376,Amazon.com," Reno",1/4/2019,"Mobile Accessories","$37.59 "," Galaxy S9 Otterbox, Galaxy S9 Tempered Glass",
SR,D50377,Amazon.com," Seattle",1/8/2019,Miscellaneous,"$56.82 "," VIVO Single LCD Monitor Desk Mount, Sales Tax",
SH,D50378,Amazon.com," 18-1131",1/7/2019,"Misc Hardware","$1,598.03 "," HDMI cables, CAT6 patch cables 7' 5-pack, Wall mount for 55"" TV, Wall mount for 32"" TV, iPad adapter, Belkin surge protector, Rack shelf, Logitech kybd/mouse combo, Dual Monitor desk mount, Velcro cable ties, TCL 55"" TV for conference room, LG 32"" LCD display , Brother J6930 printer, HDMI cables conf room, Outdoor rated CAT6 cable, CAT6 patch cables 14' 5-pack, CAT6 patch cables 25' , CAT6 patch cables 50' ",
SR,D50379,SHI," 18-1099",1/8/2019,"Computer Hardware","$2,733.48 "," Lenovo ThinkPad X1 Yoga 3rd Gen, Lenovo ThinkPad USB-C Docking Station, StarTech.com USB Type-C to Gigabit Network Adapter, Lenovo ThinkPad X1 Yoga 3 Year Warranty, Shipping",
SR,D50380,Amazon.com," 18-0951",1/8/2019,Miscellaneous,"$417.95 "," Dell D3100 USB 3.0 Ultra HD/4K Triple Display Docking Station, ASUS VE248H 24"" LCD Monitor, VIVO Single LCD Monitor Desk Mount",
SR,D50381,SHI," 18-0796",1/8/2019,"Computer Hardware","$1,883.60 "," Lenovo ThinkPad T580, Lenovo ThinkPad Ultra Docking Station, Lenovo ThinkPad T580 3 Year Warranty, Shipping",
SH,D50382,Amazon.com," 18-1131",1/9/2019,Hardware,"$199.99 "," 32"" Display",
GR,D50383,Amazon.com," 18-0943, 18-0865, 17-0544, Corp, Eug Office",1/9/2019,Misc,"$478 "," Zagg iPad Keyboard Case, Zagg iPad Keyboard Case, Zagg iPad Keyboard Case, SSD 240GB, 8GB Ram (4GB x 2), SSD 240GB, 8GB Ram (4GB x 2)",
SH,D50384,Amazon.com," Corp",1/9/2019,Misc,"$98.96 "," Sumatra Coffee, Medium Roast Coffee, Bluetooth headset, Bluetooth headset 2-pack",
GR,D50385,Amazon.com," Aspire (18-0781)",1/9/2019,"Computer Accessories","$50.77 "," 65 Watt T480s Charger, Shipping",
GR,D50386,"Apple VPP"," 18-0943, 18-0865, 17-0544",1/10/2019,"Software Licensing","$29.97 "," Bluebeam Revu License, Bluebeam Revu License, Bluebeam Revu License",
SR,D50387(RETURNED),Amazon.com," Seattle",1/10/2019,"Computer Hardware","$439.98 "," Azulle Access Plus Windows 10 Pro Fanless Mini PC Stick",
SR,D50388,SHI," Corporate",1/11/2019,"Computer Hardware","$712.65 "," Lenovo ThinkCentre M720q, Lenovo ThinkCentre M720q 4 Year Warranty, Shipping",
GR,D50389,Amazon.com," Corp",1/11/2019,Inventory,"$131.52 "," Type C Cable Pack, Charging blocks, Electric Screw Driver, Lightning Cable Pack, Bubble Wrap",
SR,D50390,Amazon.com," PDX Estimating",1/11/2019,Miscellaneous,"$414.07 "," LG 34UM69G-B 34-Inch 21:9 UltraWide IPS Monitor, Plugable USB 3.0 Dual 4K HDMI 2.0 Adapter with Gigabit Ethernet",
GR,D50391,Amazon.com," 18-1089",1/14/2019,Printer,"$357.26 "," Brother 6945, Tax",
SR,D50392,Amazon.com," Spokane",1/14/2019,Miscellaneous,"$18.64 "," OtterBox Defender Holster Clip for Samsung Galaxy S7, Sales Tax",
SR,D50393,SHI," Corporate",1/16/2019,"Computer Hardware","$712.65 "," Lenovo ThinkCentre M720q, Lenovo ThinkCentre 4 Year Warranty, Shipping",
GR,D50394,Amazon.com," Corp",1/16/2019,"Cleaning Supplies","$56.85 "," Compressed Air (8 Pack), Anti Static Electronic Cleaner",
SR,D50395,Newegg.com," Portland",1/16/2019,Miscellaneous,"$291.95 "," Crucial 8GB Single DDR4 2133 MT/s (PC4-17000) DIMM 288-Pin Memory, Shipping",
SR,D50396,SHI," Spokane",01/17/2019,"Computer Hardware",$1420.2," Lenovo ThinkCentre M720q, Lenovo ThinkCentre M720q 4 Year Warranty, Shipping",
GR,D50397,Test," Test",01/29/2019,Test,$10," Test",
SR,D50398,SHI," Corporate",01/18/2019,"Computer Hardware",$712.65," Lenovo ThinkCentre M720q, Lenovo ThinkCentre M720q 4 Year Warranty, Shipping",
DG,D50399,,,,,,,
GR,D50400,Amazon.com," Las Vegas Office",01/18/2019,"Mobile Accessories",$52.96," Galaxy Note 9 Otterbox Case, Galaxy Note 9 Screen Protector",
SH,D50401,Amazon.com," 18-1048",01/18/2019,"Misc. Hardware",$2800.92," Belkin Surge Protector, Plugable adapter, Logitech kybd/mouse, Cat6 cables 50', Rack mount shelf, Asus 27"" displays, Apple TV, Cat6 cables 14', HDMI cables 6' 3-pack, Cat6 cables 25', HDMI cables 25' 2-pack, Brother MFC-J6930dw, TCL 55"" display, Lenovo docking station, Microsoft Surface dock, Cat6 cables 7'",
SR,D50402,Amazon.com," Corporate-IT",01/21/2019,Miscellaneous,$249.9," Logitech MK270 Wireless Keyboard and Mouse Combo,  AmazonBasics Backpack",
SH,D50403,SHi," 19-1217",01/21/2019,Hardware,$2541.61," Synology Rack Station RS818RP, Synology - DDR3 4GB RAM, Samsung 860 SSD 960GB, Shipping/Freight",
JM,D50404,,,,,,,
SH,D50405,Newegg," 18-1131, ",01/22/2019,"Misc. Hardware",$165," Apple TV, ",
GR,D50406,Amazon.com," The Collective 17-0501",01/22/2019,"Computer Accessories",$157.98," Wireless Desktop Keyboard and Mouse Combo, Microsoft Surface Dock",
SH,D50407,Amazon.com," 18-1099",01/22/2019,"Misc. Hardware",$226.44," StarTech Media Converter, 1 Meter LC to LC fiber patch cable",
SH,D50408,Amazon.com," 19-1217",01/23/2019,"Misc. Hardware",$948.17," Cyberpower PDU, FortiGate rackmount kit, Belkin Surge Protector, StarTech wall mount rack, Cat6 cables 14', Cat6 cables 7', Cat6 cables 5', Cat6 cables 3', Velcro, APC UPS",
GR,D50409,Amazon.com," Seattle Office, Reno Office, Eugene Office , 18-1114, 18-1147, Grant High School, Corp",01/23/2019,Misc,$238.95," SSD 240GB, SSD 240GB , SSD 240GB, iPad Case, iPad Case, iPad Case, iPad Case",
GR,D50410,Amazon.com," Eugene Office",01/24/2019,Monitors,$339.98," 27"" Asus Monitor",
GR,D50411,Amazon.com," 18-1147, 18-1099, 18-1130, Corp",01/24/2019,"Mobile Accessories",$68.43," Moto Z3 Case, Moto Z3 Case, Moto Z3 Case, Moto Z3 Case, Moto Z3 Case",
SR,D50412,"Apple VPP"," Corporate-IT",01/24/2019,Miscellaneous,$49.95," Bluebeam Revu for iPad",
DG,D50413,SHI," 17-0545, 17-0698, 18-0781, 17-0546, 17-0341, 16-9599, 18-0747, 17-0609, 17-0429, Utah Office, 18-1048, 17-0422, Corp",01/16/2019,Network,$4581.34," Firewall support, Firewall support, Firewall support, Firewall support, Firewall support, Firewall support, Firewall support, Firewall support, Firewall support, Firewall support, Firewall support, Firewall support, Fortianalyzer yearly maintenance",
SR,D50414,Amazon.com," 19-1211",01/24/2019,Miscellaneous,$126.84," ThinkPad Pro Dock ( 40A10090US ) With 90W AC Adapter",
GR,D50415,Amazon.com,"  Aspire (18-0781)",01/25/2019,"Mobile Accessories",$29.99," Hands free bluetooth car speaker",
DG,D50416,Godaddy," Corp",01/25/2019,Network,$434.4," Domain renewals",
SR,D50417,Amazon.com," New Mexico",01/25/2019,"Computer Hardware",$129.99," Quantum Access Windows 10 Mini PC Stick",
TS,D50418,ManageEngine," Corp",01/29/2019,Software,$9129," Desktop Central Professional Edition perpetual license upgrade, Desktop Central Professional 1 year annual maintenance, Desktop Central addon 1 user, Desktop Central addon 1 user annual support and maintenance",
TS,D50419,Solarwinds," Corp",01/28/2019,Software,$384," Dameware Remote Support maintenance renewal 1 year ",
DG,D50420,SHI," Corp",01/28/2019,Network,$315.62," Firewall power supplies, Shipping",
TS,D50421,Amazon.com," Pdx--bim, Corp-it, Copr -- it",01/28/2019,Misc,$377.97," PNY GTX 1060 6gb graphices card for Jeff Feucht, koffee kult sumatra 32oz, koffee kult medium roast 32oz",
SH,D50422,Amazon.com," 19-1217",01/28/2019,"Misc. Hardware",$49.99," CyberPower PDU",
GR,D50423,,,,,," Test",
SH,D50424,Amazon.com," 18-1099",01/29/2019,"Misc. Hardware",$291.15," FortiAP 221E",
DG,D50425,SHI," Panel plant, 18-1048, 18-1099, Corp",01/29/2019,Network,$2542.51," Wireless Access Point, Wireless Access Point, Wireless Access Point, Shipping",
SH,D50426,GraybaR," 17-0501",01/29/2019,"Misc. Hardware",$898," Nextivity DAS Q35-4/5/12/13/25-CU-EXA",
GR,D50427,Amazon.com," 17-0594, 19-1211, Sea office, Corp, 18-1032 pdx 17, Portland",01/30/2019,"Mobile Accessories",$159.38," Moto Z3 Glass Screen protector, Moto Z3 Case, Moto Z3 Glass Screen protector, Moto Z3 Case, Moto Z3 Case, Moto Z3 Glass Screen protector, Moto Z3 Glass Screen protector, Moto Z3 Case, Bluetooth Headset, Bluetooth Headset",
,D50428,,,,,,,
,D50429,,,,,,,
,D50430,,,,,,,
,D50431,,,,,,,
,D50432,,,,,,,
,D50433,,,,,,,
,D50434,,,,,,,
,D50435,,,,,,,
,D50436,,,,,,,
,D50437,,,,,,,
,D50438,,,,,,,
,D50439,,,,,,,
,D50440,,,,,,,
,D50441,,,,,,,
,D50442,,,,,,,
,D50443,,,,,,,
,D50444,,,,,,,
,D50445,,,,,,,
,D50446,,,,,,,
,D50447,,,,,,,
,D50448,,,,,,,
,D50449,,,,,,,
,D50450,,,,,,,
,D50451,,,,,,,
,D50452,,,,,,,
,D50453,,,,,,,
,D50454,,,,,,,
,D50455,,,,,,,
,D50456,,,,,,,
,D50457,,,,,,,
,D50458,,,,,,,
,D50459,,,,,,,
,D50460,,,,,,,
,D50461,,,,,,,
,D50462,,,,,,,
,D50463,,,,,,,
,D50464,,,,,,,
,D50465,,,,,,,
,D50466,,,,,,,
,D50467,,,,,,,
,D50468,,,,,,,
,D50469,,,,,,,
,D50470,,,,,,,
,D50471,,,,,,,
,D50472,,,,,,,
,D50473,,,,,,,
,D50474,,,,,,,
,D50475,,,,,,,
,D50476,,,,,,,
,D50477,,,,,,,
,D50478,,,,,,,
,D50479,,,,,,,
,D50480,,,,,,,
,D50481,,,,,,,
,D50482,,,,,,,
,D50483,,,,,,,
,D50484,,,,,,,
,D50485,,,,,,,
,D50486,,,,,,,
,D50487,,,,,,,
,D50488,,,,,,,
,D50489,,,,,,,
,D50490,,,,,,,
,D50491,,,,,,,
,D50492,,,,,,,
,D50493,,,,,,,
,D50494,,,,,,,
,D50495,,,,,,,
,D50496,,,,,,,
,D50497,,,,,,,
,D50498,,,,,,,
,D50499,,,,,,,
,D50500,,,,,,,
,D50501,,,,,,,
,D50502,,,,,,,
,D50503,,,,,,,
,D50504,,,,,,,
,D50505,,,,,,,
,D50506,,,,,,,
,D50507,,,,,,,
,D50508,,,,,,,
,D50509,,,,,,,
,D50510,,,,,,,
,D50511,,,,,,,
,D50512,,,,,,,
,D50513,,,,,,,
,D50514,,,,,,,
,D50515,,,,,,,
,D50516,,,,,,,
,D50517,,,,,,,
,D50518,,,,,,,
,D50519,,,,,,,
,D50520,,,,,,,
,D50521,,,,,,,
,D50522,,,,,,,
,D50523,,,,,,,
,D50524,,,,,,,
,D50525,,,,,,,
,D50526,,,,,,,
,D50527,,,,,,,
,D50528,,,,,,,
,D50529,,,,,,,
,D50530,,,,,,,
,D50531,,,,,,,
,D50532,,,,,,,
,D50533,,,,,,,
,D50534,,,,,,,
,D50535,,,,,,,
,D50536,,,,,,,
,D50537,,,,,,,
,D50538,,,,,,,
,D50539,,,,,,,
,D50540,,,,,,,
,D50541,,,,,,,
,D50542,,,,,,,
,D50543,,,,,,,
,D50544,,,,,,,
,D50545,,,,,,,
,D50546,,,,,,,
,D50547,,,,,,,
,D50548,,,,,,,
,D50549,,,,,,,
,D50550,,,,,,,
MM,,,,,,,,
TS,,,,,,,,
